lof_score,alpha,difficulty_group,knn_success,background_size,DenSHAP_validity,DenSHAP_CA_top1,DenSHAP_CA_top2,DenSHAP_CA_top3,DenSHAP_CA_top5,DenSHAP_plausibility,DenSHAP_bds
1.003921140183281,0.10684632026527002,Easy,True,100,1.0,10.0,10.0,10.0,10.0,0.4967226372872102,0.9699548867043017
1.1295243423782884,1.0,Hard,True,100,1.0,10.0,10.0,10.0,10.0,0.48608743274380445,0.9706802876853861
0.9502467430492997,0.0,Easy,True,100,1.0,0.833333333333333,0.8968253968253965,0.9920634920634919,1.8352007469654525,0.49323019177049343,0.991234807226386
0.9871924834999739,0.0,Easy,True,100,1.0,10.0,10.0,10.0,10.0,0.49427712128554174,0.9902176654253425
1.061393294205391,0.9497641428531093,Hard,True,100,1.0,10.0,10.0,10.0,2.912581699346406,0.6978891645121045,0.9686674417509543
1.0192612867892978,0.33183324124177394,Medium,True,100,1.0,10.0,10.0,10.0,10.0,0.4519379295705105,0.9909857000419799
1.036100405803657,0.5788049056137151,Medium,True,100,1.0,10.0,10.0,1.070423950170786,10.0,0.630511146769279,0.9788298917821736
1.0350237654707228,0.5630143137942765,Medium,True,100,1.0,10.0,10.0,10.0,10.0,0.5953002573557831,0.997423908198577
1.008416772194518,0.17278170080817237,Easy,True,100,1.0,10.0,10.0,10.0,10.0,0.477836124454285,0.9872102104370167
1.0053389581081211,0.1276408079326793,Easy,True,100,1.0,10.0,10.0,10.0,10.0,0.41453326202520513,0.9821781244196723
1.1525874632090112,1.0,Hard,True,100,1.0,10.0,10.0,10.0,10.0,0.6172042124619537,0.975770572520662
0.9967541675227377,0.001731607020875457,Easy,True,100,1.0,10.0,10.0,10.0,10.0,0.5522496246505727,1.0012211996357758
1.0067697263107935,0.1486252314077517,Easy,True,100,1.0,10.0,10.0,10.0,10.0,0.49932508376480644,0.9782892976812236
0.9894045978621333,0.0,Easy,True,100,1.0,10.0,10.0,10.0,10.0,0.5015913919998602,0.9831554912025918
0.9773992954687843,0.0,Easy,True,100,1.0,10.0,10.0,10.0,10.0,0.6357098304925619,0.9681818592486406
0.9877538860383858,0.0,Easy,True,100,1.0,10.0,10.0,10.0,10.0,0.4265678793409551,0.9845101562197728
1.1178726172961475,1.0,Hard,True,100,1.0,10.0,10.0,10.0,10.0,0.4624255107255012,0.9859855628182578
1.317713915465938,1.0,Hard,True,100,1.0,10.0,10.0,10.0,10.0,0.6022457990235426,0.9897183599123986
0.9936039978432174,0.0,Easy,True,100,1.0,10.0,10.0,10.0,10.0,0.5796446207385679,0.961850009353453
1.0067150875049076,0.14782386900764957,Easy,True,100,1.0,10.0,10.0,10.0,10.0,0.5801274198075486,0.9451217518010973
1.002100474015752,0.08014344149370782,Easy,True,100,1.0,10.0,10.0,10.0,10.0,0.5548478348750149,0.9632402970752267
0.9800354541177067,0.0,Easy,True,100,1.0,10.0,0.9444444444444438,1.051587301587301,1.3006715506715503,0.5025997721085697,0.9937093842645041
1.0342310353280606,0.5513877030099384,Medium,True,100,1.0,10.0,10.0,10.0,10.0,0.6067437285203546,0.9835998857078868
1.0555786760322334,0.8644837949508524,Hard,True,100,1.0,10.0,0.8571428571428572,0.9340659340659339,1.158155569920277,0.6026042389061278,0.975795390945202
0.9909784683194547,0.0,Easy,True,100,1.0,10.0,10.0,10.0,10.0,0.519146076098614,0.9646848956183044
1.4650336348014323,1.0,Hard,True,100,1.0,10.0,10.0,10.0,10.0,0.5658831721622793,0.973696057746168
0.9942583847899501,0.0,Easy,True,100,1.0,10.0,10.0,10.0,10.0,0.39301897017548365,0.9834113453706841
0.970277587726966,0.0,Easy,True,100,1.0,10.0,10.0,10.0,10.0,0.5320550256313157,0.9649937718010271
1.017492813589523,0.3058958528799989,Easy,True,100,1.0,10.0,10.0,10.0,10.0,0.39164083009844913,0.9616994157201422
1.0836225674130546,1.0,Hard,True,100,1.0,10.0,10.0,10.0,10.0,0.5841257285164618,0.9648917531608406
1.0217579030388708,0.36844997100829496,Medium,True,100,1.0,10.0,0.5238095238095234,0.6488095238095234,0.9583333333333319,0.5455960941301801,0.9771654482968255
0.972119675979396,0.0,Easy,True,100,1.0,10.0,10.0,10.0,10.0,0.6076955283742723,1.0029657256481943
0.9714053601031285,0.0,Easy,True,100,1.0,10.0,10.0,10.0,10.0,0.5600505254571535,0.9979240141210998
1.0392420647776142,0.6248821822827402,Medium,True,100,1.0,10.0,10.0,0.6896656534954407,1.0739793789856367,0.618285663441696,0.9687178994380373
1.0280137712271693,0.46020193126453424,Medium,True,100,1.0,0.46666666666666645,0.6333333333333334,1.3980392156862746,1.5170868347338926,0.6821157442201704,0.9627461526672327
1.010046582579092,0.19668538501787938,Easy,True,100,1.0,10.0,10.0,10.0,10.0,0.3598828669823801,0.9732667060583309
1.169437877906798,1.0,Hard,True,100,1.0,10.0,10.0,10.0,10.0,0.5679424582695353,0.9867654440210283
1.1674460448813613,1.0,Hard,True,100,1.0,0.5416666666666666,0.7501773049645333,0.8454154002026286,1.0319233367105651,0.554336494355695,0.9875268146543478
1.038939706175523,0.6204476268210233,Medium,True,100,1.0,10.0,10.0,10.0,10.0,0.3689016518639399,0.9835544607696219
1.093255315624372,1.0,Hard,True,100,1.0,10.0,10.0,10.0,10.0,0.5306398498031215,0.9915099053827181
1.024972042879025,0.4155902914235227,Medium,True,100,1.0,10.0,10.0,10.0,10.0,0.5721057525538651,0.974689562771674
0.9953506220295261,0.0,Easy,True,100,1.0,10.0,10.0,10.0,10.0,0.5256674594507662,0.9825977128174944
0.9888972378162405,0.0,Easy,True,100,1.0,10.0,10.0,10.0,1.0398952830077184,0.6423189060571536,0.985800000415642
1.116011938791107,1.0,Hard,True,100,1.0,10.0,10.0,10.0,10.0,0.5150177887879439,0.9893655936571546
1.0250915367060802,0.41734285278524463,Medium,True,100,1.0,0.29411764705882343,0.5322128851540615,0.5322128851540615,1.1099906629318388,0.3718671218576023,0.9752419494694801
1.035946911079083,0.5765536686239424,Medium,True,100,1.0,10.0,10.0,10.0,10.0,0.5770359715729635,0.9619333744067324
0.9992809565263905,0.03879086678480417,Easy,True,100,1.0,10.0,10.0,10.0,10.0,0.44553528003912807,0.9587698669670554
1.303390409585599,1.0,Hard,True,100,1.0,10.0,10.0,10.0,10.0,0.5210630527501681,0.9592560514957423
1.0332173638471578,0.5365206465712102,Medium,True,100,1.0,10.0,10.0,10.0,10.0,0.5164796099802653,0.9876811380661277
0.9902011113045377,0.0,Easy,True,100,1.0,10.0,10.0,10.0,10.0,0.6122579952321254,0.9528502294222191
0.9615762364997513,0.0,Easy,True,100,1.0,10.0,10.0,10.0,10.0,0.658833566795848,0.9784401838033132
1.1143573109027372,1.0,Hard,True,100,1.0,10.0,10.0,10.0,10.0,0.6511547978866868,0.9414407785187239
1.0586141948583159,0.9090043625690672,Hard,True,100,1.0,10.0,10.0,10.0,10.0,0.4941775895535193,0.9945135644599276
1.007740236967498,0.16285926775921414,Easy,True,100,1.0,10.0,10.0,10.0,10.0,0.4286902873770071,0.9821825129513382
1.0686932604165456,1.0,Hard,True,100,1.0,10.0,10.0,10.0,10.0,0.52525537644518,0.9790721659345781
1.005775095081769,0.13403742964335807,Easy,True,100,1.0,10.0,10.0,10.0,10.0,0.3812291609761031,0.9789102817598379
0.9997320031987217,0.04540616223345994,Easy,True,100,1.0,10.0,10.0,10.0,10.0,0.6502680197970137,0.9590771742015795
1.0143606398470806,0.2599576917675649,Easy,True,100,1.0,10.0,10.0,10.0,10.0,0.46303172798965847,0.9847183401426092
1.0218333080910305,0.3695559024538794,Medium,True,100,1.0,10.0,10.0,10.0,1.0350219520432355,0.6302570861602866,0.9685949036797217
0.9811830901041187,0.0,Easy,True,100,1.0,10.0,10.0,10.0,10.0,0.5796192328171352,0.9534563966547566
1.070825974139806,1.0,Hard,True,100,1.0,0.9999999999999999,1.746031746031746,1.8293650793650795,2.558443093549469,0.578287048218949,0.9441278474952955
0.9820188417084592,0.0,Easy,True,100,1.0,10.0,10.0,10.0,10.0,0.39655868666538435,0.9381008170671468
1.1164003866069792,1.0,Hard,True,100,1.0,10.0,0.7361111111111116,1.1976495726495728,1.874492461703929,0.5317032309574106,0.9581076964128883
1.0410780524163,0.6518097740709968,Medium,True,100,1.0,10.0,10.0,10.0,10.0,0.5859009908865294,0.9750184679535459
1.0996729965349576,1.0,Hard,True,100,1.0,10.0,10.0,10.0,10.0,0.5234652739676642,0.9946561090231196
0.9924242763212584,0.0,Easy,True,100,1.0,10.0,10.0,10.0,10.0,0.46537214006521965,0.9803518759101344
1.3105977648244278,1.0,Hard,True,100,1.0,10.0,10.0,10.0,10.0,0.5410527432238497,0.9592405083267724
1.0587125931660812,0.9104475255884314,Hard,True,100,1.0,10.0,10.0,10.0,10.0,0.5501203710186029,0.9579480119464432
0.9978394260325347,0.017648597702503648,Easy,True,100,1.0,10.0,10.0,10.0,10.0,0.4114310606604459,0.9921020004506804
2.039125789823225,1.0,Hard,True,100,1.0,10.0,10.0,10.0,10.0,0.4407857655320929,0.9734911552006634
0.9959168085013674,0.0,Easy,True,100,1.0,10.0,0.6666666666666661,0.9166666666666661,10.0,0.6354061400291362,0.9824668620556418
1.0236975389760539,0.39689772503112974,Medium,True,100,1.0,10.0,10.0,10.0,10.0,0.5212018202161828,0.981626305651716
1.0279546503214971,0.45933483195485053,Medium,True,100,1.0,10.0,10.0,10.0,10.0,0.5590477172475505,0.9714626013476078
0.9874451664755659,0.0,Easy,True,100,1.0,0.2698412698412699,0.6031746031746028,0.7936507936507935,0.9891636141636142,0.4600166862955974,0.9893556037722957
1.1880030346983383,1.0,Hard,True,100,1.0,10.0,10.0,10.0,10.0,0.5284786835447421,0.9714564739104461
0.99869291642478,0.030166351304608752,Easy,True,100,1.0,10.0,10.0,10.0,10.0,0.7621770792417217,0.9608163645918341
1.074222610006171,1.0,Hard,True,100,1.0,10.0,10.0,10.0,10.0,0.5684111942100594,0.9787361741695358
1.0280970533336562,0.46142339186671477,Medium,True,100,1.0,10.0,10.0,10.0,10.0,0.3565467144457543,0.990478356173244
1.1442475961344685,1.0,Hard,True,100,1.0,10.0,10.0,10.0,10.0,0.6468104450249328,1.0078947283910136
1.05058894204725,0.791301646526475,Hard,True,100,1.0,0.5,0.8928571428571428,1.1944444444444442,1.8098290598290596,0.5676604599216242,0.9702684184909618
1.166791510671686,1.0,Hard,True,100,1.0,10.0,4.273015873015872,4.677271192164808,5.633153545105984,0.6362641026043179,0.9585693462152483
1.0790934885088066,1.0,Hard,True,100,1.0,10.0,10.0,1.4601969057665256,10.0,0.5126550606818394,0.9858341035379137
0.9956622534147052,0.0,Easy,True,100,1.0,10.0,10.0,10.0,10.0,0.5329258875586088,0.9819426851599665
0.9986604622086734,0.029690360146111493,Easy,True,100,1.0,10.0,10.0,10.0,10.0,0.5975546507344466,0.9798886022073215
1.0703723087615242,1.0,Hard,True,100,1.0,10.0,10.0,10.0,10.0,0.33375210878134143,0.991942879889095
0.9845412637174169,0.0,Easy,True,100,1.0,10.0,10.0,10.0,10.0,0.5292776408600652,0.985213077618296
0.9995490037882206,0.042722193496616497,Easy,True,100,1.0,10.0,10.0,10.0,0.4443515704153974,0.644261587927114,0.9595666780959163
1.0838190931679987,1.0,Hard,True,100,1.0,10.0,10.0,10.0,10.0,0.5402599866002865,0.9690536982308741
1.0027247733844744,0.08929975507687427,Easy,True,100,1.0,10.0,10.0,10.0,10.0,0.5124947346191008,0.9795857862005899
0.9979026288031194,0.01857556385975385,Easy,True,100,1.0,10.0,10.0,10.0,10.0,0.535438516394987,0.9631525449019526
1.0068595625874686,0.14994281902931847,Easy,True,100,1.0,10.0,10.0,10.0,10.0,0.5655299710303123,0.9288103492948487
1.04373451407156,0.690770883365394,Hard,True,100,1.0,10.0,10.0,10.0,10.0,0.5740705511704711,0.9829074910350275
1.1332169754851866,1.0,Hard,True,100,1.0,10.0,10.0,10.0,10.0,0.5528725730198735,0.9971092451672033
1.0009228830032861,0.06287225218444947,Easy,True,100,1.0,10.0,10.0,10.0,10.0,0.6570038883612768,0.979859770843779
1.0166975761269785,0.29423246838060596,Easy,True,100,1.0,10.0,10.0,10.0,1.2740784038656467,0.5140601477092203,0.9700076989056496
1.02428920422082,0.4055754088295713,Medium,True,100,1.0,10.0,10.0,10.0,10.0,0.447050169198638,0.9845670158000249
1.4291559905785118,1.0,Hard,True,100,1.0,10.0,10.0,10.0,10.0,0.6493994495542469,0.9596113091507835
1.0407740645834953,0.6473513234268417,Medium,True,100,1.0,10.0,10.0,10.0,10.0,0.42381665781561856,0.9773832951976107
1.1456733144339655,1.0,Hard,True,100,1.0,10.0,10.0,10.0,10.0,0.9147663942398754,0.9837717797098948
1.1058144420347589,1.0,Hard,True,100,1.0,10.0,10.0,10.0,10.0,0.484843111271303,0.9466000623576785
0.9871924834999739,0.0,Easy,True,100,1.0,10.0,10.0,10.0,10.0,0.4285258348121955,1.0012715913014005
1.0210924584902163,0.3586901998713199,Medium,True,100,1.0,10.0,0.6527777777777777,0.7956349206349196,1.0063571842238996,0.6169632570628565,0.9754388831574552
0.9906613221248513,0.0,Easy,True,100,1.0,10.0,10.0,10.0,10.0,0.5538916162180316,0.9834750172091656
1.0111618815289198,0.2130429651072154,Easy,True,100,1.0,10.0,10.0,10.0,10.0,0.5461769618749645,0.9829715708131468
1.0954776891540328,1.0,Hard,True,100,1.0,10.0,10.0,10.0,10.0,0.5141201326249281,0.971565266465619
0.9857741873650758,0.0,Easy,True,100,1.0,10.0,10.0,10.0,10.0,0.46909004613847205,1.004026970636264
0.9984674182763765,0.026859072997679465,Easy,True,100,1.0,10.0,10.0,10.0,10.0,0.5224824833239343,0.9498381369948448
0.9948973070523707,0.0,Easy,True,100,1.0,10.0,10.0,10.0,2.1004273504273514,0.6080292695713614,0.9891866153977171
1.0352059571676322,0.5656864361649352,Medium,True,100,1.0,10.0,10.0,10.0,1.3198834853090338,0.45084260767614515,0.998743896550018
1.1829144204244797,1.0,Hard,True,100,1.0,10.0,10.0,10.0,10.0,0.5486073668875259,0.9629306400171839
1.0347422378472493,0.5588852767777526,Medium,True,100,1.0,0.38888888888888834,0.6111111111111106,0.819444444444444,10.0,0.5285280632959173,0.9971057149661838
0.9830635912527402,0.0,Easy,True,100,1.0,10.0,10.0,10.0,10.0,0.5588653345607832,0.980350237697335
1.0220961699339859,0.37341117699640275,Medium,True,100,1.0,10.0,10.0,10.0,10.0,0.37189739752937173,0.9872799351739869
0.9817961915212846,0.0,Easy,True,100,1.0,10.0,10.0,10.0,10.0,0.5199652238163321,0.9704833238694706
1.1561132257836497,1.0,Hard,True,100,1.0,10.0,10.0,10.0,10.0,0.5523648935537724,0.9748275968039248
1.0357827774142003,0.5741463951578545,Medium,True,100,1.0,10.0,10.0,10.0,10.0,0.3681938633486527,0.9960046461130314
1.0393436526865665,0.6263721257253053,Medium,True,100,1.0,10.0,10.0,10.0,10.0,0.6157614197547598,0.9814755912259953
0.9880330144013962,0.0,Easy,True,100,1.0,10.0,10.0,10.0,10.0,0.5831832952211935,0.9528656651246526
1.0290810794639909,0.47585565349435677,Medium,True,100,1.0,0.23529411764705868,0.42577030812324906,0.4813258636788044,0.6249156072685478,0.3740891481712592,0.97999348128112
1.0009249679486525,0.06290283112547447,Easy,True,100,1.0,10.0,10.0,10.0,10.0,0.6481433063364335,0.966880434748232
1.0298308775567926,0.4868525995201106,Medium,True,100,1.0,10.0,10.0,10.0,2.563260852622559,0.5698845682735613,0.9583575814292058
1.0230435323846205,0.3873057091864304,Medium,True,100,1.0,10.0,10.0,10.0,10.0,0.47697829618934795,0.9647175255633508
1.3506657686383674,1.0,Hard,True,100,1.0,10.0,10.0,10.0,10.0,0.5835263217007405,0.9772362074234244
1.0274178012880713,0.4514611124812487,Medium,True,100,1.0,10.0,10.0,10.0,10.0,0.7599278815569653,0.9721241086642941
1.0093471871723714,0.18642767215863706,Easy,True,100,1.0,10.0,10.0,10.0,10.0,0.5278536716076566,0.9796621314564747
1.146413521338368,1.0,Hard,True,100,1.0,10.0,10.0,10.0,10.0,0.6426635467606043,0.945354684463928
1.1135957194522328,1.0,Hard,True,100,1.0,10.0,10.0,10.0,10.0,0.588608535486062,0.9643024350020528
1.0592179563918498,0.9178594571077706,Hard,True,100,1.0,10.0,10.0,10.0,10.0,0.3889245346223157,0.9785663244255577
0.9787925213619835,0.0,Easy,True,100,1.0,10.0,10.0,10.0,10.0,0.6082196534840405,0.9671817084247865
1.0480480510007135,0.7540355585431436,Hard,True,100,1.0,10.0,10.0,10.0,10.0,0.46386666534454274,0.9681879757432321
1.074415675528089,1.0,Hard,True,100,1.0,10.0,10.0,10.0,10.0,0.5496985932531737,0.9693429077729517
1.0616914297357805,0.9541367604518042,Hard,True,100,1.0,10.0,10.0,10.0,10.0,0.47385069710605565,0.9915232733748395
1.1154850530356493,1.0,Hard,True,100,1.0,10.0,10.0,10.0,10.0,0.5786784324771452,0.9856254127809828
1.0423728754009762,0.6708003511504667,Hard,True,100,1.0,10.0,10.0,10.0,10.0,0.3490025177626054,0.9915640935254328
0.98540206589246,0.0,Easy,True,100,1.0,10.0,0.7361111111111114,0.7949346405228754,1.5142198229502766,0.5676629447035337,0.943589507423974
1.0085799027917495,0.17517426273934403,Easy,True,100,1.0,10.0,10.0,10.0,10.0,0.5067826746726424,0.9815390881043943
0.9782604417561812,0.0,Easy,True,100,1.0,10.0,10.0,10.0,10.0,0.5193457824393792,0.9899799661069878
1.0831542235599179,1.0,Hard,True,100,1.0,10.0,10.0,10.0,10.0,0.6024971333874032,0.9862628806771043
1.066531681267893,1.0,Hard,True,100,1.0,10.0,10.0,10.0,10.0,0.5934377559143582,0.9953603651360176
1.0265041528695007,0.43806104859472655,Medium,True,100,1.0,10.0,10.0,10.0,10.0,0.6300620540212843,0.9598021526026873
1.0268602400732445,0.4432836169069504,Medium,True,100,1.0,10.0,10.0,10.0,10.0,0.5456734878484399,0.9784188009365596
1.2065822283816294,1.0,Hard,True,100,1.0,10.0,10.0,10.0,10.0,0.5869355224611423,0.974219597962594
1.0349575988701658,0.5620438784970695,Medium,True,100,1.0,10.0,10.0,10.0,10.0,0.5767870504146072,0.9887798877304856
1.018019170578556,0.31361569033256637,Easy,True,100,1.0,10.0,10.0,10.0,10.0,0.4723917821697824,0.9794097701014209
1.2684417694757104,1.0,Hard,True,100,1.0,10.0,10.0,10.0,10.0,0.6450437491000539,0.9855825459765784
0.9993884106779001,0.04036684772652496,Easy,True,100,1.0,10.0,10.0,10.0,10.0,0.5503893021349943,0.977556901458277
1.0234158298635072,0.3927660261972975,Medium,True,100,1.0,10.0,10.0,10.0,10.0,0.4182485636822041,0.9780359993782705
1.0212643775919665,0.3612116587825828,Medium,True,100,1.0,10.0,10.0,10.0,0.8055217831813652,0.5112498665639278,0.9828031835118279
1.0170463615471954,0.2993479447702066,Easy,True,100,1.0,0.5,0.5238095238095238,0.7002801120448181,1.3957929325576388,0.531689818819481,0.9903147469380021
0.9933447534066484,0.0,Easy,True,100,1.0,10.0,10.0,10.0,10.0,0.588422673156551,0.9775482249440186
1.0243697318750207,0.406756471138647,Medium,True,100,1.0,10.0,10.0,10.0,10.0,0.5449937934558411,0.9942258063570939
1.0079370709231603,0.16574614144859184,Easy,True,100,1.0,10.0,10.0,10.0,10.0,0.5563334433063165,1.0005308353841635
1.1428199356853972,1.0,Hard,True,100,1.0,10.0,10.0,10.0,10.0,0.5321624322014836,0.9717577486164286
1.0925499857365553,1.0,Hard,True,100,1.0,10.0,10.0,10.0,10.0,0.4706355487811167,0.9879116550408537
1.0012948231202647,0.06832732793149844,Easy,True,100,1.0,10.0,10.0,10.0,10.0,0.608815708048257,0.9933087572650118
1.0701333328047107,1.0,Hard,True,100,1.0,10.0,10.0,10.0,10.0,0.6254209492902547,0.9616108909580847
1.0982598801416081,1.0,Hard,True,100,1.0,10.0,10.0,10.0,10.0,0.5270455027309543,0.9871474107373466
0.9847565818104561,0.0,Easy,True,100,1.0,10.0,10.0,10.0,10.0,0.5393413218211812,0.9764000267773965
0.9835961924335909,0.0,Easy,True,100,1.0,10.0,10.0,10.0,10.0,0.51448580710627,0.9933866458695281
1.050664590072842,0.7924111415523699,Hard,True,100,1.0,10.0,10.0,10.0,2.074786324786325,0.626736957688706,0.9720977490367293
1.1693788403811731,1.0,Hard,True,100,1.0,10.0,10.0,10.0,10.0,0.6489382124808531,0.9283498310116464
1.1431282954949773,1.0,Hard,True,100,1.0,10.0,10.0,10.0,10.0,0.5969559528625964,0.9724344741234464
1.019066514325271,0.3289766025082691,Easy,True,100,1.0,10.0,10.0,10.0,10.0,0.5502511117572737,0.9765379161996389
1.1161514317851011,1.0,Hard,True,100,1.0,10.0,10.0,10.0,10.0,0.5732685792884673,0.9862703341576085
1.1431370570945183,1.0,Hard,True,100,1.0,10.0,10.0,10.0,10.0,0.45534579810978004,1.0053006871239276
0.9779904986318586,0.0,Easy,True,100,1.0,10.0,10.0,10.0,10.0,0.5431021321487147,0.9684468272246542
1.0497321133451627,0.7787349314592723,Hard,True,100,1.0,10.0,10.0,10.0,10.0,0.6521729583655705,0.9798403339597656
0.991210264585552,0.0,Easy,True,100,1.0,0.6666666666666653,10.0,10.0,10.0,0.6763763365925486,0.9777428172604058
1.0196968969482805,0.33822213640247256,Medium,True,100,1.0,0.379746835443038,0.39561985131605387,0.5384769941731979,0.9477907196633942,0.6009833707350238,0.9768119235279729
0.986706300965104,0.0,Easy,True,100,1.0,10.0,10.0,10.0,10.0,0.5147234814117051,0.9574675486111632
0.9850707345340529,0.0,Easy,True,100,1.0,10.0,10.0,10.0,10.0,0.700746460806621,0.951503366155241
1.0112840447370561,0.21483467706154682,Easy,True,100,1.0,10.0,10.0,10.0,10.0,0.55185085853236,0.9808621815559956
0.9747105422006855,0.0,Easy,True,100,1.0,10.0,10.0,10.0,10.0,0.5892126029322065,0.9643867960776313
1.1129735511030325,1.0,Hard,True,100,1.0,10.0,10.0,10.0,10.0,0.46594002379482663,0.9815919914220625
1.0135668358540824,0.24831533131101788,Easy,True,100,1.0,10.0,10.0,10.0,10.0,0.4542568031656155,0.9948223195155755
1.0424300225847574,0.6716385027830172,Hard,True,100,1.0,0.12698412698412695,0.3353174603174603,0.44642857142857195,0.8017399267399266,0.531501411394561,0.991775421023462
1.453821812053459,1.0,Hard,True,100,1.0,10.0,10.0,1.5667600373482728,3.0494604592892016,0.6805319143482247,0.9447938915824299
1.1441629703465166,1.0,Hard,True,100,1.0,10.0,10.0,10.0,10.0,0.5373241702306337,0.9720236772370547
1.0098927710716614,0.1944295019186915,Easy,True,100,1.0,10.0,10.0,10.0,10.0,0.5428761906489308,0.9870369735037127
0.978112540010795,0.0,Easy,True,100,1.0,10.0,10.0,10.0,10.0,0.6020117352891106,1.0029607191348078
1.0130799034481972,0.24117371620540914,Easy,True,100,1.0,10.0,10.0,10.0,10.0,0.5342109258502609,0.9811406794278701
1.2443085431969612,1.0,Hard,True,100,1.0,10.0,10.0,10.0,10.0,0.5872827607631789,0.9768938731135485
1.0795041451565646,1.0,Hard,True,100,1.0,10.0,10.0,10.0,0.7005494505494507,0.5494446248811162,1.0062080800572
1.1775372435368783,1.0,Hard,True,100,1.0,10.0,10.0,0.8207282913165261,1.1902946796817138,0.7356056617518806,0.9474594274827292
0.9965371268351811,0.0,Easy,True,100,1.0,10.0,10.0,0.4454407294832756,0.7812250432087657,0.4676479250897822,0.9908340839159795
1.0146340618373906,0.263967847166144,Easy,True,100,1.0,10.0,10.0,10.0,10.0,0.5699013673539249,0.9688812923222951
1.2076199004258683,1.0,Hard,True,100,1.0,10.0,10.0,10.0,10.0,0.5560771703961195,0.9716723213730158
0.9843994550083535,0.0,Easy,True,100,1.0,10.0,10.0,10.0,10.0,0.5518247746528682,1.000308106318266
1.0060965888268059,0.13875263150333772,Easy,True,100,1.0,10.0,10.0,10.0,10.0,0.6207348569684459,0.9779378278105592
1.0361484305197481,0.5795092621809397,Medium,True,100,1.0,10.0,10.0,10.0,10.0,0.6295906405725119,0.9745113122463482
1.0507466720589718,0.7936150005376378,Hard,True,100,1.0,10.0,10.0,10.0,10.0,0.5618979981083966,0.9794339332487114
1.0804520941419824,1.0,Hard,True,100,1.0,10.0,10.0,10.0,10.0,0.41788116606318526,0.9689433028061354
1.5095354716765852,1.0,Hard,True,100,1.0,10.0,10.0,10.0,10.0,0.4596808637258805,0.9881408134778814
1.2862263399018221,1.0,Hard,True,100,1.0,10.0,10.0,2.1549138804457955,2.855894272602658,0.5749087746819946,0.9741155528009022
1.8417202983937002,1.0,Hard,True,100,1.0,10.0,10.0,10.0,10.0,0.6138729032856648,0.9074967737316157
1.018099265671483,0.3147904084630888,Easy,True,100,1.0,0.4583333333333333,1.077380952380954,1.4107142857142871,2.2174369747899174,0.5076202764345237,0.9941111265184738
1.0648691760769895,1.0,Hard,True,100,1.0,10.0,10.0,10.0,10.0,0.6563953387488837,0.9440076450716853
1.17791093120216,1.0,Hard,True,100,1.0,10.0,10.0,10.0,10.0,0.5830373487631098,0.9819739007856066
1.0040009369338319,0.10801666274448173,Easy,True,100,1.0,10.0,10.0,10.0,10.0,0.4851850738654604,0.9892039144483451
0.9744722587643722,0.0,Easy,True,100,1.0,10.0,10.0,0.5277777777777777,0.7905943937858843,0.49536124504330725,0.9982540905177697
1.1529981572450871,1.0,Hard,True,100,1.0,10.0,10.0,10.0,10.0,0.6721273674573423,0.972018041926178
1.027929585476852,0.45896721733119006,Medium,True,100,1.0,10.0,10.0,10.0,1.1942110177404277,0.5506407903306101,0.9621085260886287
1.027481983652637,0.4524024458958181,Medium,True,100,1.0,0.22222222222222232,10.0,0.4662698412698414,0.7842367443431162,0.6145461713386833,0.9750865905349716
0.9732170582043376,0.0,Easy,True,100,1.0,10.0,10.0,10.0,10.0,0.5853154967789095,0.9724021011528754
1.051415157550628,0.8034193717961386,Hard,True,100,1.0,10.0,10.0,10.0,10.0,0.5903349301181791,0.9767829026273983
1.0873909387369982,1.0,Hard,True,100,1.0,10.0,10.0,10.0,10.0,0.5667850869518803,0.9723989118737467
0.9787267386769096,0.0,Easy,True,100,1.0,10.0,10.0,10.0,10.0,0.5168899850497838,0.9583931862969012
1.0056692912532321,0.13248565323460468,Easy,True,100,1.0,10.0,10.0,10.0,10.0,0.5993633131830817,0.9911508479097524
1.0764538295511803,1.0,Hard,True,100,1.0,10.0,10.0,10.0,10.0,0.6193477943049219,0.9801001786617263
0.9926365818344122,0.0,Easy,True,100,1.0,10.0,10.0,10.0,2.3170351828674605,0.6906588126567836,0.9606699559750602
1.0183541613202078,0.31852884647478547,Easy,True,100,1.0,10.0,10.0,10.0,10.0,0.5247557637925362,0.9927250685998938
1.055367538811741,0.8613871418117285,Hard,True,100,1.0,10.0,10.0,10.0,10.0,0.4554230621164065,0.9949539007502117
1.0079809647173357,0.16638991167159714,Easy,True,100,1.0,10.0,10.0,10.0,0.4334267040149389,0.444334229654819,0.9725432571467278
0.9941066415868788,0.0,Easy,True,100,1.0,10.0,10.0,10.0,10.0,0.5341882631479058,0.9649298884868213
1.118285408311172,1.0,Hard,True,100,1.0,10.0,10.0,10.0,10.0,0.6386089825368206,0.9996774090447451
1.0578128902098993,0.8972519934267353,Hard,True,100,1.0,10.0,10.0,10.0,10.0,0.5143673142166248,0.9998645165820127
1.0664230168700388,1.0,Hard,True,100,1.0,10.0,10.0,10.0,10.0,0.6335460685926608,0.9669212162407235
1.1253373608377306,1.0,Hard,True,100,1.0,10.0,10.0,10.0,10.0,0.8087841746569844,0.9841234661701183
1.0982598801416081,1.0,Hard,True,100,1.0,10.0,10.0,10.0,10.0,0.6145441590508095,0.9695900185229718
0.9981139916864145,0.02167552669209181,Easy,True,100,1.0,10.0,10.0,10.0,10.0,0.6347331897915786,0.9773378506221937
1.0508769122540298,0.7955251739685744,Hard,True,100,1.0,10.0,10.0,10.0,10.0,0.49055173295397747,0.9694285059857849
1.50815270240908,1.0,Hard,True,100,1.0,10.0,10.0,10.0,10.0,0.5333857526021895,0.9935577390918112
1.0505727136460152,0.7910636319807233,Hard,True,100,1.0,10.0,10.0,1.8313492063492052,3.088492063492062,0.6327010783011253,0.9751698809897024
1.1219473526124224,1.0,Hard,True,100,1.0,10.0,10.0,10.0,10.0,0.5795993560118169,0.975834746791081
1.1943002467430395,1.0,Hard,True,100,1.0,10.0,10.0,10.0,10.0,0.48149533651347187,0.9896415099345444
1.0080975249823525,0.1680994478193192,Easy,True,100,1.0,10.0,10.0,10.0,10.0,0.539995569818055,0.9548397644353592
1.0529129224382507,0.8253864050369272,Hard,True,100,1.0,10.0,10.0,10.0,10.0,0.48377330119777745,0.9832764963344243
1.0351144936434422,0.5643449824475963,Medium,True,100,1.0,10.0,10.0,10.0,10.0,0.6381906778060329,0.9591247359093454
1.0011180299974463,0.06573438398028804,Easy,True,100,1.0,10.0,10.0,10.0,10.0,0.4747860585121623,0.999351727598355
0.9921806701354047,0.0,Easy,True,100,1.0,10.0,10.0,10.0,10.0,0.5056939180800117,0.9649867639795315
1.0867282647964953,1.0,Hard,True,100,1.0,10.0,10.0,10.0,10.0,0.5342159438091258,0.9522301221809526
1.0326692322509632,0.5284814509047627,Medium,True,100,1.0,10.0,10.0,10.0,10.0,0.5376961889644796,0.9809639546912159
1.0098927710716614,0.1944295019186915,Easy,True,100,1.0,10.0,10.0,10.0,10.0,0.5800422093348494,0.9707026219038151
0.9863727305825651,0.0,Easy,True,100,1.0,10.0,10.0,10.0,10.0,0.5450864052724518,0.9679279693859343
1.0511316119949354,0.7992607386898004,Hard,True,100,1.0,10.0,10.0,10.0,10.0,0.6405216101568403,0.9897822412179089
1.0995859136394546,1.0,Hard,True,100,1.0,10.0,10.0,10.0,10.0,0.5721821122849863,0.9656782823807453
1.0117851535260254,0.22218421070030853,Easy,True,100,1.0,10.0,10.0,10.0,10.0,0.6736140599186953,0.9678947020796359
1.012828404135993,0.23748509070959092,Easy,True,100,1.0,10.0,10.0,10.0,10.0,0.4520324708100299,0.9955688765771843
1.0570472970618425,0.8860233885427086,Hard,True,100,1.0,10.0,10.0,10.0,10.0,0.4895429042127584,0.967444894806064
1.0175920892459398,0.30735188357115234,Easy,True,100,1.0,10.0,10.0,10.0,10.0,0.6696731288435206,0.9846902744685041
1.0304986132319125,0.4966459735620816,Medium,True,100,1.0,10.0,10.0,10.0,10.0,0.521494789610518,0.9893274187868137
1.0249273794811282,0.41493523377438646,Medium,True,100,1.0,10.0,10.0,10.0,10.0,0.5648330918025817,0.9441726065261523
0.9783241648683212,0.0,Easy,True,100,1.0,10.0,10.0,10.0,10.0,0.7335664695550841,0.9514649245940072
1.1142304292102299,1.0,Hard,True,100,1.0,10.0,10.0,10.0,10.0,0.44496361777008386,0.9857269246521263
1.17758731111901,1.0,Hard,True,100,1.0,10.0,10.0,10.0,10.0,0.4987186580977377,0.9729012670425823
0.9765100482980518,0.0,Easy,True,100,1.0,10.0,10.0,10.0,10.0,0.5160761311846328,0.9814950591712968
1.0051603950652344,0.1250219053725478,Easy,True,100,1.0,10.0,10.0,10.0,10.0,0.5638851949305662,0.968581169628308
1.021395417777383,0.3631335653065706,Medium,True,100,1.0,10.0,10.0,10.0,10.0,0.50413919982467,0.9938458312361382
1.0457814490740454,0.7207923437514112,Hard,True,100,1.0,10.0,10.0,10.0,10.0,0.5130086633015807,0.9694789714101029
1.0020117434691131,0.07884207110934646,Easy,True,100,1.0,10.0,10.0,10.0,10.0,0.4447940217760733,0.9886764525440214
1.1062555198548911,1.0,Hard,True,100,1.0,0.333333333333334,0.6274509803921577,0.6691176470588245,1.1509741871432129,0.4786086457768962,0.9972333682791147
1.0611878497895104,0.946750983478045,Hard,True,100,1.0,10.0,10.0,10.0,10.0,0.7880683264049667,0.9679963340137064
1.1606122864890616,1.0,Hard,True,100,1.0,10.0,10.0,1.2341269841269833,1.8864476592324684,0.5462508252358174,0.9565336146862601
1.0575403264362788,0.8932544251002005,Hard,True,100,1.0,10.0,10.0,10.0,10.0,0.5195175987009267,0.9855642968812015
0.9903477241039932,0.0,Easy,True,100,1.0,10.0,10.0,10.0,10.0,0.5734167986331198,0.9872111434706333
0.9929166618036664,0.0,Easy,True,100,1.0,0.22222222222222232,0.33986928104575187,0.3815359477124185,1.1251256913021628,0.6307724095013121,0.9880070248761506
1.229889013330592,1.0,Hard,True,100,1.0,10.0,10.0,10.0,10.0,0.5115813183988382,0.9927547168565033
1.0059751911708696,0.13697214755332504,Easy,True,100,1.0,10.0,10.0,10.0,10.0,0.6385008598750986,0.9994383825192916
1.019735171007111,0.33878348453497154,Medium,True,100,1.0,10.0,10.0,10.0,10.0,0.5924601816322117,0.963137999450631
1.004797824813594,0.11970425315909124,Easy,True,100,1.0,10.0,10.0,10.0,10.0,0.8024359491352268,0.9307279948934072
1.028235743349422,0.46345749495703975,Medium,True,100,1.0,10.0,10.0,10.0,10.0,0.4837183520239079,1.005567522961329
2.081599233219971,1.0,Hard,True,100,1.0,10.0,10.0,10.0,10.0,0.4355276764202204,0.9800409434939477
1.001954155302153,0.07799745177800455,Easy,True,100,1.0,10.0,10.0,10.0,10.0,0.5747411564978524,0.9873858442395923
1.0002754706413097,0.05337695089012765,Easy,True,100,1.0,10.0,10.0,1.2837301587301593,1.4384920634920653,0.42878407545199887,1.004693394049545
1.0308767285894842,0.5021916187412888,Medium,True,100,1.0,10.0,10.0,10.0,10.0,0.4673011574772204,0.97896007882077
1.339896824621873,1.0,Hard,True,100,1.0,10.0,10.0,10.0,10.0,0.5915433800021046,0.9829317261833033
1.005626437894983,0.13185714260992948,Easy,True,100,1.0,10.0,10.0,10.0,10.0,0.518227839790794,0.9816428891898914
0.9975491328131685,0.013390999696240066,Easy,True,100,1.0,10.0,10.0,10.0,10.0,0.6169227859884375,0.9668174661830822
0.9941244321258498,0.0,Easy,True,100,1.0,10.0,10.0,10.0,10.0,0.5662422979861238,0.994966255582086
0.9808916373750852,0.0,Easy,True,100,1.0,10.0,10.0,10.0,10.0,0.5995033518422251,0.9754111554015281
1.027236511191361,0.44880221346874766,Medium,True,100,1.0,10.0,10.0,10.0,10.0,0.5983572094283177,0.9780376852696161
0.9787900648131668,0.0,Easy,True,100,1.0,10.0,10.0,10.0,10.0,0.629781358841953,0.9751767575373229
1.036610990857725,0.5862934233027406,Medium,True,100,1.0,10.0,10.0,10.0,10.0,0.6842291649460719,0.9679539460137372
1.0747249384456057,1.0,Hard,True,100,1.0,10.0,10.0,10.0,10.0,0.6207721921283682,0.970103476232955
1.063832086263758,0.985532791628522,Hard,True,100,1.0,10.0,10.0,10.0,10.0,0.684116628248918,0.9812539391622923
1.3621106198929371,1.0,Hard,True,100,1.0,10.0,10.0,10.0,10.0,0.7339783158399528,0.948155422694944
1.134300099565284,1.0,Hard,True,100,1.0,10.0,10.0,10.0,10.0,0.5503945035186258,0.9868317097131577
1.0892619796793521,1.0,Hard,True,100,1.0,10.0,10.0,10.0,10.0,0.730124009841608,0.9666625660627195
0.9811160223437293,0.0,Easy,True,100,1.0,10.0,10.0,10.0,10.0,0.6161634107873687,0.9456366807622407
1.0283158008982398,0.4646316624452681,Medium,True,100,1.0,10.0,10.0,10.0,10.0,0.4901467444804418,0.9601290544523453
1.1583488830677826,1.0,Hard,True,100,1.0,10.0,10.0,10.0,10.0,0.6074812030052603,0.9343018808458421
1.0344899605352844,0.5551852407149328,Medium,True,100,1.0,10.0,10.0,10.0,10.0,0.5154713670874214,0.9760944915594619
0.990385335382215,0.0,Easy,True,100,1.0,10.0,10.0,10.0,10.0,0.4709546813359161,0.9882546947225792
1.0334792601675717,0.540361760235789,Medium,True,100,1.0,10.0,10.0,10.0,10.0,0.5903929146166675,0.9924845480021572
1.0747249384456057,1.0,Hard,True,100,1.0,10.0,10.0,10.0,10.0,0.5095681745962134,0.9166393060159861
1.0217062546254734,0.3676924673284374,Medium,True,100,1.0,10.0,10.0,10.0,10.0,0.4651714496958597,0.982976529338756
1.0336029699829326,0.542176155571599,Medium,True,100,1.0,10.0,10.0,10.0,10.0,0.5494085737127103,0.98166389393621
1.1497215903366071,1.0,Hard,True,100,1.0,10.0,10.0,10.0,10.0,0.7657764451691931,0.9546566682049027
0.986507626596788,0.0,Easy,True,100,1.0,10.0,10.0,10.0,10.0,0.5355356675226227,0.9978827138601677
1.0808418115965313,1.0,Hard,True,100,1.0,10.0,10.0,10.0,10.0,0.5511758955572154,0.9534199431219618
1.4061952698638556,1.0,Hard,True,100,1.0,10.0,10.0,10.0,10.0,0.47935696535199934,0.9762567933385263
0.9861196669966464,0.0,Easy,True,100,1.0,10.0,10.0,10.0,10.0,0.46516227070262256,0.976339773158408
1.0497211208205186,0.7785737091230749,Hard,True,100,1.0,10.0,10.0,10.0,0.8274569402228906,0.5963870941786084,0.9912533123168368
0.9671967358416079,0.0,Easy,True,100,1.0,10.0,10.0,10.0,1.258748566308662,0.46199407714927443,0.9566383221926922
1.038943884752431,0.620508912099238,Medium,True,100,1.0,10.0,10.0,10.0,10.0,0.4071388554124645,0.9515797492207578
1.0506342516060205,0.7919661811218989,Hard,True,100,1.0,10.0,10.0,10.0,10.0,0.6469863850729155,0.9892864014854478
0.9799125832260897,0.0,Easy,True,100,1.0,10.0,10.0,10.0,10.0,0.5821979812261493,0.9630857251157054
0.9804195850973757,0.0,Easy,True,100,1.0,10.0,10.0,10.0,10.0,0.7009701539390181,0.9661396166235041
1.0574026599995348,0.891235334375689,Hard,True,100,1.0,10.0,10.0,10.0,10.0,0.5541735729130306,0.9869286679705361
0.9979085053282486,0.018661752168693237,Easy,True,100,1.0,10.0,10.0,10.0,10.0,0.582285957096541,0.9843998763657723
1.0385313227267097,0.6144580533778178,Medium,True,100,1.0,10.0,10.0,10.0,10.0,0.5692570961016794,0.9656215765645821
0.995107766164859,0.0,Easy,True,100,1.0,10.0,10.0,10.0,10.0,0.7955207166969486,0.9425494244801065
1.027410947201304,0.4513605867224358,Medium,True,100,1.0,10.0,10.0,10.0,10.0,0.5276142804914382,0.9799633251662625
1.0077306624383353,0.1627188425148262,Easy,True,100,1.0,10.0,10.0,10.0,10.0,0.5188687284798935,0.9664046723343341
1.0340063087337923,0.548091740734967,Medium,True,100,1.0,10.0,10.0,10.0,10.0,0.48069249037744977,0.9554753719575251
0.9917133399911606,0.0,Easy,True,100,1.0,10.0,10.0,10.0,10.0,0.8617190884063157,0.920210714144211
1.0549054522809231,0.8546099298030352,Hard,True,100,1.0,10.0,10.0,10.0,10.0,0.5242404074394897,0.9838320658178302
0.9891502700234037,0.0,Easy,True,100,1.0,10.0,10.0,10.0,0.6697558770343587,0.538364304528953,0.9723416501503461
1.0085608390209224,0.17489466312333393,Easy,True,100,1.0,10.0,10.0,10.0,10.0,0.46602954024721466,0.996444531319175
0.9837356609214682,0.0,Easy,True,100,1.0,10.0,10.0,10.0,10.0,0.6812389939094945,0.9678710905430522
0.9862154036133995,0.0,Easy,True,100,1.0,10.0,10.0,10.0,10.0,0.5971431226871742,0.9832396592072985
1.3719573615915859,1.0,Hard,True,100,1.0,10.0,10.0,10.0,10.0,0.567396004311622,0.9706567481427377
1.0955211751523446,1.0,Hard,True,100,1.0,10.0,10.0,1.195994993742191,10.0,0.6742026735086778,0.9803583975252973
1.0014136216384046,0.07006969151506308,Easy,True,100,1.0,10.0,10.0,10.0,10.0,0.5085459609381872,0.9450163946740521
1.0342310353280606,0.5513877030099384,Medium,True,100,1.0,10.0,10.0,10.0,10.0,0.4731564995706593,0.9769042809138352
1.0397396829752068,0.632180521012719,Medium,True,100,1.0,10.0,10.0,10.0,10.0,0.599305291788379,0.9785889004065055
0.9599220362327345,0.0,Easy,True,100,1.0,10.0,10.0,10.0,1.5478589622400725,0.7273278879207911,0.9697646346718495
0.9955420603030969,0.0,Easy,True,100,1.0,10.0,10.0,10.0,1.4785917913264535,0.47548444770311954,0.9966790095610956
1.0252767937272402,0.42005993286606486,Medium,True,100,1.0,10.0,10.0,10.0,10.0,0.6577463908155046,0.9704689168426859
0.9869866816183407,0.0,Easy,True,100,1.0,10.0,10.0,10.0,10.0,0.49657819939323317,0.9895874262706487
1.0238787090203374,0.39955486328954387,Medium,True,100,1.0,10.0,10.0,10.0,10.0,0.5486140698461816,1.0067503105311693
1.0309692183780486,0.5035481242092809,Medium,True,100,1.0,10.0,10.0,10.0,10.0,0.5509508622536099,0.9778839815980248
1.1760812296903596,1.0,Hard,True,100,1.0,10.0,10.0,10.0,10.0,0.5320270869514784,0.9545226865890086
1.012281234664099,0.2294600060806429,Easy,True,100,1.0,10.0,10.0,10.0,10.0,0.5800072455010414,0.9862572953147609
0.9926211291461046,0.0,Easy,True,100,1.0,10.0,10.0,10.0,10.0,0.5205788464368342,0.986442749144182
0.995515336888959,0.0,Easy,True,100,1.0,10.0,10.0,10.0,10.0,0.5473955441399474,0.9916547552244387
1.0049403306454683,0.12179432108073728,Easy,True,100,1.0,10.0,10.0,10.0,10.0,0.496334069305031,0.9867119814794094
1.0234389991842634,0.39310584003819043,Medium,True,100,1.0,10.0,10.0,10.0,10.0,0.6288474038134569,0.9790252469831475
1.0157533558606007,0.28038402117133054,Easy,True,100,1.0,10.0,10.0,10.0,10.0,0.6292537436275223,0.9771348424508846
1.021613412731258,0.36633079768774673,Medium,True,100,1.0,10.0,10.0,0.4747899159663871,0.6601425380278699,0.6278090329777051,0.9808255056424674
1.0575564045435268,0.8934902353527207,Hard,True,100,1.0,10.0,10.0,10.0,1.0474899179529893,0.39641195825721515,0.9795241344536454
0.9828341358088384,0.0,Easy,True,100,1.0,10.0,10.0,10.0,10.0,0.5694884041183107,0.9524569905719662
1.029434018785546,0.48103205325686466,Medium,True,100,1.0,10.0,10.0,10.0,10.0,0.5208943404679038,0.9765015661604147
0.9893322913708029,0.0,Easy,True,100,1.0,10.0,10.0,10.0,10.0,0.44318418460747455,0.9881449003574716
1.0070849568179159,0.1532485732190679,Easy,True,100,1.0,10.0,10.0,10.0,10.0,0.4571072679302411,0.9994794833652332
1.0266282197368644,0.4398806806491165,Medium,True,100,1.0,10.0,10.0,10.0,10.0,0.5797063603663964,0.991979659539758
1.0059553119216729,0.13668058768867858,Easy,True,100,1.0,10.0,10.0,10.0,10.0,0.4798710796450515,0.9740226304950308
1.0379621994850552,0.6061109828390144,Medium,True,100,1.0,10.0,10.0,10.0,10.0,0.4848057352670991,0.9752237336389606
1.2229013791296708,1.0,Hard,True,100,1.0,10.0,10.0,10.0,10.0,0.43020364435546304,1.000308640944079
1.0066195266798768,0.14642232205103672,Easy,True,100,1.0,10.0,10.0,10.0,10.0,0.4487511814640162,0.9758711743250984
1.07242132476031,1.0,Hard,True,100,1.0,10.0,10.0,10.0,10.0,0.48567352368865596,0.9916844720070186
1.0152728899177332,0.27333724672411513,Easy,True,100,1.0,0.8888888888888884,1.1241830065359475,1.2127906014726562,1.3549474642177544,0.9507158685052431,0.9686176143153504
0.9990971762222427,0.03609544503765361,Easy,True,100,1.0,10.0,0.821078431372549,0.9387254901960785,1.6089083312649952,0.5335190260387164,0.9951055532411225
1.032544546118418,0.5266527363709121,Medium,True,100,1.0,10.0,10.0,10.0,10.0,0.5368388878033675,0.9882225461190164
1.2922053986574504,1.0,Hard,True,100,1.0,10.0,10.0,10.0,10.0,0.5563915155854305,0.9762586686137888
0.9935862832498282,0.0,Easy,True,100,1.0,10.0,10.0,10.0,10.0,0.6413013997561074,0.9671153262007242
0.9993557474476973,0.03988779105378169,Easy,True,100,1.0,10.0,0.3650793650793646,0.4067460317460313,0.8841016548463247,0.6119686526397382,0.9896121738070185
1.0104453553609358,0.20253400319999443,Easy,True,100,1.0,10.0,10.0,10.0,10.0,0.6036967332375671,0.9779862974231541
0.9860878474311733,0.0,Easy,True,100,1.0,10.0,10.0,10.0,10.0,0.5195548486476307,0.9835262250416926
1.0977116380045355,1.0,Hard,True,100,1.0,0.8888888888888884,0.9722222222222218,10.0,10.0,0.5157659150019704,0.9301147507120279
0.9778235274775439,0.0,Easy,True,100,1.0,10.0,10.0,10.0,10.0,0.5069675416072965,0.9953805662452139
1.0250168382449645,0.41624728458764204,Medium,True,100,1.0,10.0,10.0,10.0,10.0,0.5965007206326753,0.9457661225479219
0.980237497879018,0.0,Easy,True,100,1.0,10.0,10.0,10.0,10.0,0.5270314242568153,0.963030492442803
1.3788893972592668,1.0,Hard,True,100,1.0,10.0,10.0,10.0,10.0,0.4447909038033412,0.9970518590597701
0.9894045978621333,0.0,Easy,True,100,1.0,10.0,10.0,10.0,10.0,0.6263162687709587,0.9685416536766107
1.0083386375039511,0.17163573500330753,Easy,True,100,1.0,10.0,10.0,10.0,10.0,0.4654410962895299,0.9770275055357024
1.032712155094333,0.5291109806359549,Medium,True,100,1.0,10.0,10.0,10.0,10.0,0.5759630330537092,0.9732930387909935
1.0724416283993197,1.0,Hard,True,100,1.0,10.0,10.0,10.0,10.0,0.5427833694578084,0.9884628631758936
1.0396126846741234,0.6303178949594062,Medium,True,100,1.0,10.0,10.0,10.0,10.0,0.63163861878523,0.9721047480920488
1.024352387298096,0.4065020861540603,Medium,True,100,1.0,10.0,10.0,10.0,10.0,0.5482740547982436,0.9857329017075405
1.1049911391852119,1.0,Hard,True,100,1.0,10.0,10.0,10.0,10.0,0.7177987950160251,0.9489922661931551
1.0615273563943426,0.9517303717221193,Hard,True,100,1.0,0.2777777777777777,0.2852245862883938,0.39236744343125096,0.6483198243836309,0.6107188077094391,0.9995004468648923
1.0116222530881314,0.21979502441097248,Easy,True,100,1.0,10.0,10.0,10.0,10.0,0.5106394284629288,0.9744625020079241
1.0248258858475452,0.41344667302558585,Medium,True,100,1.0,10.0,10.0,10.0,10.0,0.26443192460868936,0.9919413027423453
1.0346688263731438,0.5578085842305736,Medium,True,100,1.0,10.0,10.0,10.0,10.0,0.5451957615303399,0.9828203137908551
1.1190573244387776,1.0,Hard,True,100,1.0,10.0,10.0,10.0,10.0,0.6546333875533874,0.9465630658939798
1.0917288602665565,1.0,Hard,True,100,1.0,0.7222222222222223,0.8398692810457519,1.2684407096171801,1.662464985994398,0.7317342840282466,0.9882870566411542
1.0166916921164297,0.2941461702864373,Easy,True,100,1.0,10.0,10.0,10.0,10.0,0.5017828394191045,0.9991571986656906
1.0385739770001015,0.6150836441158584,Medium,True,100,1.0,10.0,10.0,10.0,10.0,0.504718773372699,0.9862919486083331
1.0658965773230409,1.0,Hard,True,100,1.0,10.0,10.0,10.0,10.0,0.37422925779244015,0.9832475861580031
0.9798571962758486,0.0,Easy,True,100,1.0,10.0,10.0,10.0,10.0,0.5479453107591391,0.9842688435984177
0.9904391513471964,0.0,Easy,True,100,1.0,10.0,10.0,10.0,10.0,0.5367721767349553,0.9776908069760987
1.2134204833690272,1.0,Hard,True,100,1.0,10.0,10.0,10.0,10.0,0.583379408046759,0.9914545367112139
1.0471232027704735,0.7404712321363383,Hard,True,100,1.0,10.0,10.0,10.0,10.0,0.420903278755544,0.9858064125002807
2.331279482352687,1.0,Hard,True,100,1.0,10.0,10.0,10.0,10.0,0.6029037199577811,0.9829520964633882
1.0180304218758052,0.31378070796832347,Easy,True,100,1.0,10.0,10.0,10.0,1.0877637130801692,0.47362022691094835,0.9830573982433217
1.018625538094699,0.3225090056274584,Easy,True,100,1.0,10.0,10.0,10.0,10.0,0.4302215752734247,0.9916613895201442
1.0516449386107845,0.8067894656127792,Hard,True,100,1.0,10.0,10.0,10.0,10.0,0.4884286845325205,0.9824711597477718
1.185813064248974,1.0,Hard,True,100,1.0,10.0,10.0,10.0,10.0,0.4299188993743274,0.95805223186803
1.0267360830851509,0.44146266309299204,Medium,True,100,1.0,10.0,10.0,10.0,10.0,0.4186623881862241,0.987228164480561
1.0275725232294115,0.4537303484985888,Medium,True,100,1.0,10.0,10.0,10.0,10.0,0.5196861259161656,0.9280387253365721
1.0086834705853691,0.17669324424566638,Easy,True,100,1.0,10.0,10.0,10.0,10.0,0.6042532412836034,0.9590094573002569
1.0485339259998527,0.7611616651471651,Hard,True,100,1.0,10.0,10.0,10.0,10.0,0.3884027970463574,0.9686709025855693
0.9845251809702098,0.0,Easy,True,100,1.0,10.0,10.0,10.0,10.0,0.4609736116834601,0.9903051847709147
1.0310885013025064,0.5052975923589735,Medium,True,100,1.0,10.0,10.0,10.0,10.0,0.5433272648334221,0.9895230694930653
1.0434380166461557,0.6864222911040264,Hard,True,100,1.0,0.333333333333333,0.6666666666666662,0.7916666666666662,1.0403104279686555,0.49321989361235447,0.9675090598320555
1.0172987630077404,0.30304980166352385,Easy,True,100,1.0,10.0,10.0,10.0,10.0,0.6637992979310351,0.9816277340742185
1.0829431681525474,1.0,Hard,True,100,1.0,10.0,10.0,10.0,10.0,0.5482867009573897,1.0009821465092719
0.9851360797771124,0.0,Easy,True,100,1.0,10.0,0.626984126984127,0.6984126984126982,1.2337812762235694,0.6098201615196166,0.9741271355019044
1.0136217779255807,0.2491211415692875,Easy,True,100,1.0,10.0,10.0,10.0,10.0,0.5323149107116285,0.9797358019040274
1.0377524105672893,0.6030341046399083,Medium,True,100,1.0,10.0,10.0,10.0,10.0,0.6428327547221782,0.9810327975693284
1.2318427627719155,1.0,Hard,True,100,1.0,10.0,10.0,10.0,10.0,0.647508687233273,0.9800856092761986
1.0290810794639909,0.47585565349435677,Medium,True,100,1.0,0.23529411764705868,0.42577030812324906,0.4813258636788044,0.6543755090688628,0.4844628396964872,0.985393094161588
1.0636615743108748,0.98303197072673,Hard,True,100,1.0,10.0,10.0,10.0,10.0,0.5257108963440331,0.9746657296216616
1.0019995620821742,0.07866341227309145,Easy,True,100,1.0,10.0,10.0,10.0,10.0,,
1.0246268124840572,0.4105269549648708,Medium,True,100,1.0,10.0,10.0,10.0,10.0,0.5303289576589046,0.9805368987419479
1.0187860665311597,0.32486340285559895,Easy,True,100,1.0,10.0,10.0,10.0,10.0,0.6985668877398059,0.9434673184029837
1.0075670050107521,0.16031855380360674,Easy,True,100,1.0,10.0,0.6031746031746028,0.9246031746031742,1.4412698412698406,0.5178794756172856,1.0037269348367854
1.0084462650448238,0.17321425896759082,Easy,True,100,1.0,10.0,10.0,10.0,10.0,0.6060298890877045,0.9760196422517214
1.0109841731623554,0.21043659769418144,Easy,True,100,1.0,10.0,10.0,10.0,10.0,0.6036952107484446,0.9810750243490975
1.0104368776870394,0.202409665030615,Easy,True,100,1.0,10.0,10.0,10.0,10.0,0.4901785985569738,0.9853545688648729
1.0731265056095103,1.0,Hard,True,100,1.0,10.0,10.0,10.0,10.0,0.514609800579217,0.975688873921697
1.017444518403699,0.3051875294567905,Easy,True,100,1.0,10.0,10.0,10.0,10.0,0.6081083852664625,1.0003435170905934
1.1349576466388789,1.0,Hard,True,100,1.0,10.0,10.0,10.0,10.0,0.5562138208907031,0.9748271681724759
1.011406788927062,0.21663491001149318,Easy,True,100,1.0,10.0,10.0,10.0,10.0,0.6331208810999978,0.9644941338611652
1.3298058262460541,1.0,Hard,True,100,1.0,10.0,10.0,10.0,10.0,0.3331981368824443,0.9795152930339857
1.0014702426231321,0.07090012562652688,Easy,True,100,1.0,10.0,10.0,10.0,10.0,0.5396237377403686,0.9760117343185305
1.0241642831966251,0.40374324924722266,Medium,True,100,1.0,10.0,10.0,10.0,10.0,0.6535235997721014,0.9529788179547296
1.1271452226367262,1.0,Hard,True,100,1.0,10.0,10.0,10.0,10.0,0.5353685319455088,0.9705264411379279
0.97696452933328,0.0,Easy,True,100,1.0,10.0,10.0,10.0,10.0,0.6101470255966841,0.9873822472295405
1.005584148075257,0.1312368971472757,Easy,True,100,1.0,10.0,10.0,10.0,10.0,0.530932996606176,0.9768226477614096
1.0341524941755402,0.5502357758133253,Medium,True,100,1.0,10.0,10.0,10.0,10.0,0.3871126377416051,0.9934204635385481
1.0080416123551559,0.1672794028640943,Easy,True,100,1.0,10.0,10.0,10.0,10.0,0.679931776902012,0.9682354133764882
1.0543671599711617,0.8467150424548886,Hard,True,100,1.0,10.0,10.0,10.0,10.0,0.5519189773169442,0.9955929972585225
0.9919513517145638,0.0,Easy,True,100,1.0,10.0,10.0,10.0,10.0,0.40898167183479195,0.9916903080241726
1.0032765956904215,0.09739308069688445,Easy,True,100,1.0,10.0,10.0,10.0,10.0,0.5800376948222361,0.9767454674992253
1.0074223964069027,0.15819764548620904,Easy,True,100,1.0,10.0,0.9205344585091424,1.11840679893467,1.471347975405258,0.5033547292602514,0.9756589530153379
0.9948299075501861,0.0,Easy,True,100,1.0,10.0,10.0,10.0,10.0,0.5627968851350116,0.977187605156379
1.0541053318816074,0.8428749295011517,Hard,True,100,1.0,10.0,10.0,10.0,10.0,0.5694067639005276,0.9581925238230615
0.9884090375147885,0.0,Easy,True,100,1.0,0.4166666666666667,0.630952380952381,0.6865079365079374,0.8517740429505135,0.5603288430531415,0.9817518329525085
1.0296865929851515,0.48473644363505514,Medium,True,100,1.0,10.0,10.0,10.0,10.0,0.6379224243349926,0.9614795224058632
1.0205863107977167,0.3512667629368776,Medium,True,100,1.0,10.0,10.0,10.0,10.0,0.6420275816812893,0.9614451846154608
1.215796967586906,1.0,Hard,True,100,1.0,10.0,10.0,10.0,10.0,0.5148818637807864,0.9697056083768893
1.001231039326892,0.06739184017849885,Easy,True,100,1.0,10.0,10.0,10.0,10.0,0.4556147850556573,0.9740711856700905
1.0553267125966537,0.860788362369555,Hard,True,100,1.0,10.0,10.0,10.0,10.0,0.5400780428859514,0.9781082090840162
3.985911786665657,1.0,Hard,True,100,1.0,10.0,10.0,10.0,10.0,0.4607039836646071,0.979453634246093
1.0801145098901457,1.0,Hard,True,100,1.0,10.0,0.8174603174603179,0.9603174603174606,10.0,0.5914661806307205,1.0001379227538931
1.0493887838886216,0.7736994751959383,Hard,True,100,1.0,10.0,10.0,10.0,10.0,0.6207736575235805,0.9612115052719268
0.9886951369305406,0.0,Easy,True,100,1.0,10.0,10.0,10.0,10.0,0.6166129045746656,0.9741972877938393
1.005910639542262,0.13602539831177743,Easy,True,100,1.0,10.0,10.0,10.0,10.0,0.5672642908983753,0.988438198429676
1.0179886026175988,0.31316736401646866,Easy,True,100,1.0,10.0,10.0,10.0,10.0,0.6137460451981296,0.9736901178305709
1.0018597501208901,0.07661285412049482,Easy,True,100,1.0,10.0,10.0,10.0,10.0,0.6166853523664689,0.9679031400249478
1.0074004433140165,0.1578756695037602,Easy,True,100,1.0,10.0,10.0,10.0,10.0,0.5353214125049339,0.9873640351202152
1.0415176550916658,0.658257225645209,Medium,True,100,1.0,10.0,10.0,10.0,10.0,0.5579588990820351,0.9669337574817479
1.199240834072763,1.0,Hard,True,100,1.0,10.0,10.0,10.0,10.0,0.5724539205694923,0.9913664019196375
1.0668388220791716,1.0,Hard,True,100,1.0,10.0,10.0,10.0,10.0,0.48507521526439623,0.9847698860590773
0.9873169432395945,0.0,Easy,True,100,1.0,10.0,10.0,10.0,10.0,0.5121122572350582,0.9949935795745997
1.0208655263143993,0.3553618893395582,Medium,True,100,1.0,10.0,10.0,10.0,10.0,0.5966981071338906,0.9800023272770023
1.035291324545708,0.5669384804926986,Medium,True,100,1.0,10.0,10.0,10.0,10.0,0.4094660311770372,0.968362438971581
1.1174155900388576,1.0,Hard,True,100,1.0,10.0,10.0,10.0,10.0,0.5254869392197867,0.9950280271009309
0.9856105697743318,0.0,Easy,True,100,1.0,10.0,10.0,10.0,10.0,0.5906710666355652,0.9728278022043895
1.015083093103523,0.2705535835729725,Easy,True,100,1.0,10.0,10.0,10.0,10.0,0.4882696430917721,0.9455398052104996
1.007584810715139,0.16057970193398116,Easy,True,100,1.0,10.0,10.0,10.0,10.0,0.6188954367409506,0.9732960038045414
1.012494713540676,0.23259100321959864,Easy,True,100,1.0,10.0,10.0,10.0,10.0,0.494303621090205,0.9707374101077582
1.0221316161045113,0.3739310497832635,Medium,True,100,1.0,10.0,10.0,10.0,10.0,0.4809131621278221,0.9964686374422207
1.1764633890658218,1.0,Hard,True,100,1.0,10.0,10.0,10.0,10.0,0.5772707886999847,0.9784430104788437
0.9693804876790895,0.0,Easy,True,100,1.0,10.0,10.0,0.6150793650793649,0.771367521367521,0.4711442466018704,0.9984944759673773
1.0281245873968923,0.4618272213912011,Medium,True,100,1.0,10.0,10.0,10.0,10.0,0.5843032164749893,0.9674401409737279
1.0231086033820669,0.3882600757734213,Medium,True,100,1.0,10.0,10.0,10.0,10.0,0.5210276864289569,0.9705083219062705
1.022452132306367,0.3786319144640669,Medium,True,100,1.0,10.0,10.0,10.0,10.0,0.6036531329475991,0.9786826430199861
1.317713915465938,1.0,Hard,True,100,1.0,10.0,10.0,10.0,10.0,0.571569130714856,0.9786278749642738
1.0032416388673222,0.09688038494512782,Easy,True,100,1.0,10.0,10.0,10.0,10.0,0.44780790887266236,0.9698748059331784
1.6798090875960703,1.0,Hard,True,100,1.0,10.0,10.0,10.0,10.0,0.5768889441721583,0.9593913275745181
1.002376252798678,0.08418816289270808,Easy,True,100,1.0,10.0,10.0,10.0,10.0,0.5161413063583329,0.9838171316719533
1.0152850824551092,0.27351606909873494,Easy,True,100,1.0,10.0,10.0,10.0,10.0,0.631895706956292,0.9768273745641706
1.0000425870695224,0.049961353953010726,Easy,True,100,1.0,10.0,0.09353023909985914,0.32882435674691785,0.6623349950447844,0.7196431252830879,0.984471046585514
1.0053839641148608,0.12830089046916715,Easy,True,100,1.0,10.0,10.0,10.0,10.0,0.5846328218659301,0.9678559569670367
0.9835469629766689,0.0,Easy,True,100,1.0,10.0,10.0,10.0,10.0,0.513118534895469,0.9926170947150457
1.00678400484561,0.1488346481536882,Easy,True,100,1.0,10.0,10.0,10.0,10.0,0.6777861033248105,0.9782254948153538
0.99450965563623,0.0,Easy,True,100,1.0,10.0,10.0,10.0,10.0,0.4860234719002186,0.9976554455503293
1.008513096554927,0.17419444618929655,Easy,True,100,1.0,10.0,10.0,10.0,10.0,0.5586636306576043,0.9794886141164628
1.1729408692166794,1.0,Hard,True,100,1.0,10.0,10.0,10.0,10.0,0.545202304896437,0.9933520367287235
1.0278675000021376,0.45805663804194885,Medium,True,100,1.0,10.0,10.0,10.0,2.103773792486742,0.5311502097901875,0.9807699275692187
1.027929585476852,0.45896721733119006,Medium,True,100,1.0,10.0,10.0,10.0,1.1942110177404277,0.6368668037046616,0.9773063016369934
1.0191645500758528,0.3304144480670827,Medium,True,100,1.0,10.0,10.0,10.0,10.0,0.5027489010057549,0.9860328386992873
1.0182824074932388,0.31747646588073664,Easy,True,100,1.0,10.0,10.0,10.0,10.0,0.4655165938936466,0.9638648765634148
1.0067523233212556,0.14836998971205748,Easy,True,100,1.0,10.0,10.0,10.0,10.0,0.5346254023337622,0.9826601898748504
1.1008019609353368,1.0,Hard,True,100,1.0,10.0,10.0,10.0,10.0,0.48426655729455464,0.9851366971952853
0.9934216649246055,0.0,Easy,True,100,1.0,10.0,10.0,10.0,10.0,0.5672096151713393,0.9995985522309745
1.0650228305024563,1.0,Hard,True,100,1.0,0.375,10.0,10.0,10.0,0.49872278937231906,0.9827962012098519
1.0422025627046239,0.668302452653167,Medium,True,100,1.0,10.0,10.0,10.0,10.0,0.5372564925611403,0.9843464971326975
1.0590803792146173,0.9158416755117303,Hard,True,100,1.0,10.0,10.0,10.0,10.0,0.4712423813107113,0.9906081532133667
1.136071382972402,1.0,Hard,True,100,1.0,0.428571428571428,0.7936507936507933,1.0603174603174597,1.6853174603174603,0.5595779900526066,0.9838088863892394
1.0389671872575676,0.6208506792945833,Medium,True,100,1.0,10.0,10.0,10.0,10.0,0.553731195983059,0.9494981751556159
1.0091627132207674,0.18372207700119206,Easy,True,100,1.0,10.0,10.0,10.0,10.0,0.47759745975579443,0.9748196326316307
1.1936132417233511,1.0,Hard,True,100,1.0,10.0,10.0,10.0,10.0,0.5257906612799778,0.9864648828067789
1.0380161892309385,0.6069028257726296,Medium,True,100,1.0,10.0,10.0,10.0,10.0,0.5657077626216003,0.9835710766489564
1.0591985515504245,0.9175748551651403,Hard,True,100,1.0,10.0,10.0,10.0,10.0,0.5951957946763049,0.9932155946875876
1.0176531764390702,0.30824782152053976,Easy,True,100,1.0,10.0,10.0,10.0,10.0,0.5534685691331103,0.9995606676756947
1.3576010704343422,1.0,Hard,True,100,1.0,10.0,10.0,10.0,10.0,0.5275976531764437,0.9824255584326499
1.0845617561286098,1.0,Hard,True,100,1.0,10.0,10.0,10.0,10.0,0.36530945144535293,0.9949464679229443
0.9952402003918486,0.0,Easy,True,100,1.0,10.0,10.0,10.0,10.0,0.43228016930881513,0.9914841770417822
1.2208294671771611,1.0,Hard,True,100,1.0,10.0,10.0,10.0,10.0,0.5748319840946696,0.9675201158361457
1.007036384778222,0.1525361893066489,Easy,True,100,1.0,10.0,10.0,10.0,10.0,0.5366423687313601,0.977091973953321
1.0047451101949598,0.11893111193420167,Easy,True,100,1.0,10.0,10.0,10.0,10.0,0.5174073444059955,0.9981478442932487
1.0160430568847496,0.28463293372093057,Easy,True,100,1.0,10.0,10.0,10.0,0.8015873015873032,0.46264602033392527,0.9532405482642456
0.9833587809834485,0.0,Easy,True,100,1.0,10.0,10.0,10.0,10.0,0.45172602782830235,1.0021332082130918
1.0336161636229784,0.5423696606616493,Medium,True,100,1.0,10.0,10.0,10.0,10.0,0.5605135832784808,0.9374112281535947
1.0387798884111485,0.6181036526956486,Medium,True,100,1.0,10.0,10.0,10.0,10.0,0.5670333207433916,0.9868263707615051
1.0252573540835834,0.4197748204950065,Medium,True,100,1.0,10.0,10.0,10.0,10.0,0.65701779188783,0.9676996756138019
0.9824345934832259,0.0,Easy,True,100,1.0,10.0,10.0,10.0,10.0,0.535286028604885,0.9659459925329081
0.9905911110837307,0.0,Easy,True,100,1.0,10.0,10.0,10.0,10.0,0.5392402804912609,0.9814394391921629
1.124607968184441,1.0,Hard,True,100,1.0,10.0,0.26079027355621814,0.9078490970856299,1.576501368120626,0.5924674951350799,0.9866157155381003
0.9672366906149868,0.0,Easy,True,100,1.0,10.0,10.0,10.0,10.0,0.6691328623014361,0.9786807845806168
1.3924728408716973,1.0,Hard,True,100,1.0,10.0,10.0,10.0,10.0,0.5884597030618568,0.9859768318271758
1.0115155145315067,0.21822953877245552,Easy,True,100,1.0,10.0,10.0,10.0,10.0,0.544614491954913,0.9737610517714306
0.996686827617129,0.0007439633945878772,Easy,True,100,1.0,10.0,10.0,10.0,10.0,0.45459422288393725,0.9711610355295758
1.0093596366352415,0.1866102627420849,Easy,True,100,1.0,10.0,10.0,10.0,1.2360859955796668,0.5499521556048388,0.9527102141353602
1.0093557026449187,0.18655256470355774,Easy,True,100,1.0,10.0,10.0,10.0,1.0207282913165254,0.5916363512152476,0.9768175263688376
1.1680679372102867,1.0,Hard,True,100,1.0,10.0,10.0,10.0,10.0,0.7364962819388458,0.9963125376169037
0.9762759090157227,0.0,Easy,True,100,1.0,10.0,10.0,10.0,10.0,0.5829622788489662,0.9691965571660436
1.004263170023182,0.11186271564517097,Easy,True,100,1.0,10.0,10.0,10.0,10.0,0.5579629815766786,0.9840223067917485
0.9814919359949255,0.0,Easy,True,100,1.0,10.0,10.0,10.0,10.0,0.6096507853879787,0.9883719904701056
1.0064949559224174,0.14459529967085374,Easy,True,100,1.0,10.0,10.0,10.0,10.0,0.606817931276505,0.9732944157203622
1.0101907437062307,0.19879973039882307,Easy,True,100,1.0,0.4285714285714286,0.48412698412698396,0.5555555555555555,0.9259456264775366,0.6950507684107488,0.9283948326209874
1.004943043677445,0.12183411188108684,Easy,True,100,1.0,10.0,10.0,10.0,10.0,0.6208993452291499,0.9506353641555098
1.551053771467823,1.0,Hard,True,100,1.0,10.0,10.0,10.0,10.0,0.668356770585488,0.9792269828298334
1.111964678179485,1.0,Hard,True,100,1.0,0.43650793650793646,0.9365079365079363,1.3115079365079363,1.6879010469436087,0.6177530789434067,0.9866316354917674
1.1314016447300945,1.0,Hard,True,100,1.0,10.0,10.0,10.0,10.0,0.5487423372917875,0.9797041650040977
1.0055948225486993,0.13139345477182154,Easy,True,100,1.0,10.0,10.0,10.0,10.0,0.5152761038155708,0.9790306749090029
1.112646149270298,1.0,Hard,True,100,1.0,10.0,10.0,10.0,10.0,0.6290767230160638,0.9619882925833391
1.0251827451195061,0.41868056490957334,Medium,True,100,1.0,10.0,10.0,10.0,10.0,0.5175942453276403,0.9741338512135753
1.0915034687761704,1.0,Hard,True,100,1.0,10.0,0.1747044917257682,0.3175616345829112,0.9758949679162443,0.5759707536581977,0.9564202276722327
1.060218757793987,0.9325377539819023,Hard,True,100,1.0,10.0,10.0,10.0,10.0,0.46755329123448897,0.984232148285231
1.016135975418528,0.285995727399072,Easy,True,100,1.0,10.0,10.0,10.0,10.0,0.7324646222428499,0.9379626947619867
0.9953570970567911,0.0,Easy,True,100,1.0,10.0,10.0,10.0,10.0,0.5606819276605884,0.9644291148172105
1.04584538220778,0.7217300218112608,Hard,True,100,1.0,10.0,10.0,10.0,10.0,0.5262556761386674,0.9944673814206872
1.087826809444087,1.0,Hard,True,100,1.0,10.0,10.0,10.0,10.0,0.5100732955469816,0.9836739835458953
0.9825801970013265,0.0,Easy,True,100,1.0,10.0,10.0,10.0,10.0,0.605322639612263,0.9543335000734909
1.0618692426320853,0.9567446609547786,Hard,True,100,1.0,10.0,10.0,10.0,10.0,0.4284441619551774,0.9764298130639734
1.0617829790144808,0.9554794718913634,Hard,True,100,1.0,10.0,10.0,10.0,10.0,0.5989627900279192,0.985009332507856
0.987636458249639,0.0,Easy,True,100,1.0,10.0,10.0,10.0,10.0,0.6113761424407619,0.9648248691641779
0.984667742598036,0.0,Easy,True,100,1.0,10.0,10.0,10.0,10.0,0.4473278705321742,0.9753792425797527
1.1201102005886663,1.0,Hard,True,100,1.0,10.0,10.0,10.0,10.0,0.5893735718239432,0.9748255210104106
1.0637942642232483,0.9849780730421954,Hard,True,100,1.0,10.0,10.0,10.0,10.0,0.367074810163356,0.9952394920856935
1.1194812104898404,1.0,Hard,True,100,1.0,0.27848101265822783,0.8201476793248945,1.0106238698010852,1.2200255792027945,0.7047111865362623,0.943952065895249
0.9942165978992357,0.0,Easy,True,100,1.0,10.0,10.0,10.0,10.0,0.6096010037205225,0.954043096964085
0.9931621188621198,0.0,Easy,True,100,1.0,10.0,0.25527426160337585,0.3729213204269054,10.0,0.948501180963229,0.9280891025639587
1.0160168908808778,0.28424916889803925,Easy,True,100,1.0,10.0,10.0,10.0,10.0,0.6721786218129059,0.9876329770408916
1.0633486078140297,0.9784418341196677,Hard,True,100,1.0,10.0,10.0,10.0,10.0,0.46456205053224087,0.9874625527762433
1.0679710681691938,1.0,Hard,True,100,1.0,10.0,10.0,10.0,10.0,0.6251452759500301,0.9939494750949412
1.0870420997679537,1.0,Hard,True,100,1.0,10.0,10.0,10.0,10.0,0.4276555358284949,0.9641390865268697
0.96384533124965,0.0,Easy,True,100,1.0,10.0,10.0,10.0,10.0,0.5775222661403354,0.9338187671653302
1.0849175983699486,1.0,Hard,True,100,1.0,10.0,10.0,10.0,10.0,0.5116063483612487,0.9789006307394335
0.9881853589641638,0.0,Easy,True,100,1.0,10.0,10.0,10.0,10.0,0.5517568830706218,0.9911049574783849
1.0587125931660812,0.9104475255884314,Hard,True,100,1.0,10.0,10.0,10.0,10.0,0.5952616515585681,0.9771218532288337
1.0712865092017374,1.0,Hard,True,100,1.0,10.0,10.0,10.0,10.0,0.4627832552283512,0.984222811780535
1.0368867192381384,0.5903374054711187,Medium,True,100,1.0,10.0,10.0,10.0,10.0,0.6361010755296787,0.990878197821405
0.9788786037737088,0.0,Easy,True,100,1.0,10.0,10.0,10.0,10.0,0.5039300794169945,0.9821794826023851
1.0151196622055925,0.2710899258836934,Easy,True,100,1.0,10.0,10.0,10.0,10.0,0.47392387578418305,0.9716066167896598
0.997132225318676,0.007276407969906003,Easy,True,100,1.0,10.0,10.0,10.0,10.0,0.6859668185470331,0.9335388229730615
2.5111713469473056,1.0,Hard,True,100,1.0,10.0,10.0,10.0,10.0,0.5603806490705918,0.9673002071188324
1.0391463681709345,0.6234786438787262,Medium,True,100,1.0,10.0,10.0,10.0,10.0,0.5246824462041044,0.9458246705140796
0.9803146200691437,0.0,Easy,True,100,1.0,10.0,10.0,10.0,10.0,0.49991279489043816,0.9858082349499536
0.996229183606034,0.0,Easy,True,100,1.0,10.0,0.20833333333333334,0.4305555555555557,0.5420043904086393,0.5279676347325206,0.9922140478930496
0.9982179014197585,0.023199523272111538,Easy,True,100,1.0,10.0,10.0,10.0,10.0,0.565379104442594,0.9655259139294342
1.1514395494066245,1.0,Hard,True,100,1.0,10.0,10.0,10.0,10.0,0.4754167144977174,0.960148028143902
1.1413973253807075,1.0,Hard,True,100,1.0,10.0,10.0,10.0,10.0,0.6230842537305634,0.9619542893806333
1.0173159817695638,0.30330234137550893,Easy,True,100,1.0,0.6111111111111116,1.0277777777777783,1.2777777777777783,1.5522120905099601,0.5635571990332288,0.9726707426604667
1.0122291476816139,0.22869607010836898,Easy,True,100,1.0,0.5,0.5555555555555564,0.6269841269841279,1.0555555555555558,0.6327066304131564,0.9691143089127751
1.005470324329491,0.12956749627702088,Easy,True,100,1.0,10.0,10.0,10.0,10.0,0.5310946510996694,0.9581312273399248
0.9737954197973542,0.0,Easy,True,100,1.0,10.0,10.0,10.0,10.0,0.6363003728452183,0.9470854298743466
1.0318331171499238,0.5162185327595714,Medium,True,100,1.0,10.0,10.0,10.0,10.0,0.49987293932343546,0.9814104902486467
0.9943739978227614,0.0,Easy,True,100,1.0,10.0,10.0,10.0,10.0,0.35845243231524027,0.9778604915136638
1.041983994613287,0.6650968143267174,Medium,True,100,1.0,10.0,10.0,10.0,10.0,0.49407724196880415,0.9729498447030119
1.108588187687751,1.0,Hard,True,100,1.0,0.6111111111111107,10.0,10.0,10.0,0.6381251621884794,0.9868424519303602
1.0130172506033184,0.2402548155572121,Easy,True,100,1.0,10.0,10.0,10.0,1.0068786379800232,0.579143952266326,0.9654381177345801
1.0804193735100138,1.0,Hard,True,100,1.0,10.0,10.0,10.0,10.0,0.5782647576059741,0.9728018078524521
0.9747611571982355,0.0,Easy,True,100,1.0,10.0,10.0,10.0,10.0,0.5971402171040159,0.9729080253576358
1.0255331130165712,0.423819250764034,Medium,True,100,1.0,10.0,10.0,10.0,10.0,0.4025597492343948,0.9972905715639999
1.0853885512911066,1.0,Hard,True,100,1.0,10.0,10.0,0.8948412698412694,1.0376984126984121,0.5613884173646203,0.956419417838266
1.026127030246305,0.4325299633970077,Medium,True,100,1.0,10.0,10.0,10.0,10.0,0.5732063104168243,0.9729003928705346
0.9978504285603311,0.017809966750365256,Easy,True,100,1.0,10.0,10.0,10.0,10.0,0.5802188353520668,0.982046782505822
1.0101560303259478,0.19829060511161878,Easy,True,100,1.0,10.0,10.0,10.0,10.0,0.4870382340919095,0.9802785997430046
0.9783046175689544,0.0,Easy,True,100,1.0,10.0,10.0,10.0,1.2375082827816366,0.6083388671084907,0.9960832020955375
1.1536151636949272,1.0,Hard,True,100,1.0,10.0,10.0,10.0,10.0,0.47532568323324825,0.9902350415470369
0.9887739414430066,0.0,Easy,True,100,1.0,10.0,10.0,10.0,10.0,0.5152819235821736,0.9986610289077656
1.0427368472236502,0.6761385595658616,Hard,True,100,1.0,10.0,10.0,10.0,10.0,0.3854751985825394,1.0029152583417495
1.0104908129610717,0.20320070905048063,Easy,True,100,1.0,10.0,10.0,10.0,10.0,0.5043561839030124,0.9810515335178647
0.9942796565515517,0.0,Easy,True,100,1.0,10.0,10.0,10.0,10.0,0.6301146959508663,0.9695839122642902
1.0660733231731843,1.0,Hard,True,100,1.0,10.0,10.0,10.0,10.0,0.49563772049177546,1.015491677980651
1.135830597730346,1.0,Hard,True,100,1.0,10.0,10.0,10.0,1.236866054438653,0.5361781975804595,1.0063604049698736
1.0906456564995064,1.0,Hard,True,100,1.0,10.0,10.0,10.0,10.0,0.5473978063811983,0.9637726734429339
1.0041579276363968,0.11031917364605065,Easy,True,100,1.0,1.2222222222222214,1.7516339869281037,2.869281045751633,3.5040007564207114,0.7549913932484492,0.9667774614596997
1.0137511612860748,0.25101874819918335,Easy,True,100,1.0,10.0,10.0,10.0,10.0,0.5988433071316652,0.9143869351258305
0.9834988762637199,0.0,Easy,True,100,1.0,10.0,10.0,10.0,10.0,0.6195624288200886,0.9817198459903862
1.0086268067998432,0.17586218239444829,Easy,True,100,1.0,10.0,10.0,10.0,10.0,0.46505029941112647,0.9622551106074593
1.781783253045571,1.0,Hard,True,100,1.0,10.0,10.0,10.0,10.0,0.56100903802974,0.9941320696420719
1.0503645433573594,0.7880104934751829,Hard,True,100,1.0,10.0,10.0,10.0,1.128260121716352,0.5713620339963948,0.9769316582838734
1.4018814105260786,1.0,Hard,True,100,1.0,10.0,0.23739495798319313,0.3912411118293471,0.5801300007182355,0.541305014850224,0.9451121119367214
1.1802819534713964,1.0,Hard,True,100,1.0,10.0,10.0,10.0,10.0,0.48460648177257015,1.0006731974600331
1.0033692457071006,0.09875193615742374,Easy,True,100,1.0,10.0,10.0,10.0,10.0,0.4673908022835088,0.9807770324680366
0.9855609831555411,0.0,Easy,True,100,1.0,10.0,10.0,10.0,1.372639739623942,0.5666502412411937,0.9971994513886383
1.6081151575345516,1.0,Hard,True,100,1.0,10.0,10.0,10.0,10.0,0.6444805781504839,0.956501621853373
1.0137018974782799,0.25029621844011263,Easy,True,100,1.0,10.0,10.0,10.0,10.0,0.43530070295968476,0.9864643320048245
0.9914955792325835,0.0,Easy,True,100,1.0,10.0,10.0,10.0,10.0,0.6198489550911701,0.9630322507922392
1.0169932658280878,0.29856921411880794,Easy,True,100,1.0,10.0,10.0,10.0,10.0,0.5643321644707703,1.0009982765177206
0.9778405125472445,0.0,Easy,True,100,1.0,0.9444444444444436,2.2973856209150334,10.0,10.0,0.5254098521006378,0.9524848500137469
1.2520355262958311,1.0,Hard,True,100,1.0,10.0,10.0,10.0,10.0,0.6400951526787033,0.9778708834933176
1.0248732168199344,0.4141408547709213,Medium,True,100,1.0,10.0,10.0,10.0,1.5811997139281253,0.5040418503609215,0.9640413685073067
1.0608353264935388,0.9415806853726784,Hard,True,100,1.0,10.0,10.0,10.0,10.0,0.4441319153222202,0.9647483242102275
1.052423562062967,0.818209180013548,Hard,True,100,1.0,10.0,10.0,10.0,10.0,0.5786169730953012,0.963355241256062
0.9717911898496343,0.0,Easy,True,100,1.0,10.0,10.0,10.0,10.0,0.5013544917699232,0.9770040083936811
1.098421437236469,1.0,Hard,True,100,1.0,10.0,10.0,10.0,10.0,0.6176545166692561,0.9825311652423732
0.9764308256210261,0.0,Easy,True,100,1.0,10.0,10.0,10.0,10.0,0.4652588774279479,0.9654344996450603
0.9934961104978666,0.0,Easy,True,100,1.0,0.499999999999999,0.735294117647058,0.842436974789915,0.9296710173430868,0.614071354251825,0.9979625811666267
1.0248985795328749,0.4145128380927664,Medium,True,100,1.0,10.0,10.0,10.0,10.0,0.4734871766582208,0.978301656643114
1.0013027880109457,0.06844414534376032,Easy,True,100,1.0,10.0,10.0,10.0,10.0,0.5282015580890916,0.945420240862209
1.0201819969306185,0.3453368761891955,Medium,True,100,1.0,10.0,10.0,10.0,10.0,0.5385354476022657,0.9540747354292609
0.9981280340391268,0.02188147946302337,Easy,True,100,1.0,10.0,10.0,10.0,10.0,0.48761034562462235,0.9777585391980418
1.4472054356291588,1.0,Hard,True,100,1.0,10.0,10.0,10.0,10.0,0.5008422267559296,0.9698163030545711
1.0148028748672875,0.2664437507407763,Easy,True,100,1.0,10.0,10.0,10.0,10.0,0.5273881935442924,0.9607967618161133
1.0565880826119722,0.8792883000329473,Hard,True,100,1.0,10.0,10.0,10.0,0.9092796092796095,0.4039250029197244,0.9696949825684603
1.0111649182638647,0.21308750351109176,Easy,True,100,1.0,0.666666666666666,1.0198581560283642,1.162715298885506,1.91656145273166,0.4456662211713603,0.9744916413766177
0.9667729042059413,0.0,Easy,True,100,1.0,10.0,10.0,10.0,10.0,0.5814084002400799,0.9870416103841929
0.9941497223591321,0.0,Easy,True,100,1.0,10.0,10.0,10.0,10.0,0.6080666834905686,0.9781133852808248
1.0745049564967855,1.0,Hard,True,100,1.0,10.0,10.0,10.0,10.0,0.5120953655684706,0.9847784859502611
1.0411967929912094,0.6535512878276764,Medium,True,100,1.0,10.0,10.0,10.0,10.0,0.49287690381770644,0.9885170236634181
1.1310333831795767,1.0,Hard,True,100,1.0,10.0,10.0,10.0,10.0,0.6187093562767385,0.9512281108637458
0.9935677152930305,0.0,Easy,True,100,1.0,10.0,10.0,10.0,10.0,0.5630694927658564,0.9932083420613911
1.0119591335226694,0.22473589581530548,Easy,True,100,1.0,10.0,10.0,10.0,10.0,0.5009128984846877,0.9832577448595451
1.0176014419818897,0.30748905587583264,Easy,True,100,1.0,10.0,10.0,10.0,10.0,0.4268139824008449,0.9866342991522963
1.0928471368209043,1.0,Hard,True,100,1.0,10.0,10.0,10.0,10.0,0.48601920295511236,0.9749878535953469
1.1138073930466175,1.0,Hard,True,100,1.0,10.0,10.0,10.0,10.0,0.5238575553448175,0.9847664868358524
1.0332450664989303,0.5369269487067286,Medium,True,100,1.0,10.0,0.7023809523809535,0.9801587301587312,1.7544203335342587,0.5612489161834404,0.9905491544280393
1.0070466956036577,0.15268741347204176,Easy,True,100,1.0,10.0,10.0,10.0,0.9379354687865311,0.6479380919720125,0.9921104591614063
1.0628319691511932,0.970864530916879,Hard,True,100,1.0,10.0,10.0,10.0,10.0,0.4907687799552872,0.9824877838582122
1.0049665432283428,0.12217876905657743,Easy,True,100,1.0,10.0,10.0,10.0,10.0,0.497810974156612,0.968745080939762
1.0287339083947447,0.470763854052806,Medium,True,100,1.0,10.0,0.7698412698412703,1.0079365079365084,1.543650793650794,0.591767769889532,0.9972777604738438
1.0954775091552553,1.0,Hard,True,100,1.0,10.0,10.0,10.0,10.0,0.5693411697695157,0.9744832700797126
1.0031879534661536,0.09609300569638145,Easy,True,100,1.0,10.0,10.0,10.0,10.0,0.5983414393270692,0.9746943653560903
1.2038713435482815,1.0,Hard,True,100,1.0,10.0,10.0,10.0,10.0,0.5110319643007833,0.9578267122200463
1.263674589790745,1.0,Hard,True,100,1.0,10.0,10.0,10.0,10.0,0.5792305046266258,0.9670111589296532
1.2145471342383263,1.0,Hard,True,100,1.0,0.833333333333333,0.8713080168776368,1.07964135021097,1.2561119384462645,0.7800180350059998,0.9687374673168154
0.9883711845735622,0.0,Easy,True,100,1.0,10.0,10.0,10.0,10.0,0.5725631553246173,0.9759937153769762
1.0496031981186893,0.7768441907371554,Hard,True,100,1.0,10.0,10.0,0.6150793650793653,0.9345238095238102,0.5094091334956585,1.0010156673615322
1.069500457662993,1.0,Hard,True,100,1.0,10.0,10.0,1.5952380952380953,2.6095238095238096,0.6115004858484362,0.9972279018986601
1.0144106361549923,0.260690964771151,Easy,True,100,1.0,10.0,10.0,10.0,10.0,0.5014932748959823,0.979417704613341
1.0250512626052086,0.4167521709499978,Medium,True,100,1.0,10.0,10.0,10.0,10.0,0.5109027670344772,0.9622393031405034
1.0206223269516046,0.35179499540927667,Medium,True,100,1.0,10.0,0.46031746031746035,0.4960317460317461,0.6686995038058989,0.5219057235969038,0.9949642202358444
0.9897759889939615,0.0,Easy,True,100,1.0,0.16666666666666602,0.37304964539007424,0.40876393110436,0.8606870080274367,0.4980660926146013,0.9965290040775028
1.0154608436058257,0.2760938775866591,Easy,True,100,1.0,10.0,10.0,1.0318464938718106,1.5965881352091897,0.5080159677309127,0.9769598184864392
0.9870123104832847,0.0,Easy,True,100,1.0,10.0,10.0,10.0,10.0,0.5224055236205725,0.9472327184794315
1.011108994672333,0.21226729774697534,Easy,True,100,1.0,10.0,10.0,10.0,10.0,0.5322445643818382,0.9422083068754497
1.0097069740397544,0.19170450174698922,Easy,True,100,1.0,10.0,10.0,10.0,10.0,0.4855844133079613,0.9845549845040569
1.0435119500666645,0.6875066388006142,Hard,True,100,1.0,10.0,10.0,10.0,10.0,0.6638776808338192,0.9853358312880225
0.998139764745337,0.02205352837095885,Easy,True,100,1.0,10.0,10.0,10.0,10.0,0.5927868994297569,0.9788434553972619
1.0009138114766678,0.06273920424854419,Easy,True,100,1.0,10.0,10.0,10.0,10.0,0.48713719929574434,0.9777797889956361
0.9896389258438593,0.0,Easy,True,100,1.0,10.0,10.0,10.0,10.0,0.5774600212691423,0.9789530300879971
0.9905179596032931,0.0,Easy,True,100,1.0,10.0,10.0,10.0,10.0,0.5566141349416565,0.9643553967190837
0.992503852334892,0.0,Easy,True,100,1.0,10.0,10.0,10.0,10.0,0.4742737734989687,0.9751635786892235
1.0274757715074996,0.4523113352015711,Medium,True,100,1.0,10.0,10.0,10.0,10.0,0.5145572507448289,0.9915922327356995
1.0093301813819442,0.18617825600080956,Easy,True,100,1.0,10.0,10.0,10.0,10.0,0.5883495055690752,0.9954541746603353
1.0033390735641177,0.09830941512269419,Easy,True,100,1.0,10.0,10.0,10.0,10.0,0.6594424222391335,0.9975711645110467
1.0113524703582453,0.21583824438216231,Easy,True,100,1.0,10.0,10.0,10.0,10.0,0.42077418170250047,0.9693122293081977
1.0101907437062307,0.19879973039882307,Easy,True,100,1.0,0.4285714285714286,0.48412698412698396,0.5555555555555555,0.9259456264775366,0.6004462729227378,0.9633293357080257
1.0858927444216842,1.0,Hard,True,100,1.0,10.0,10.0,10.0,10.0,0.560031498484414,0.9636828588400673
1.01249780972026,0.2326364134708333,Easy,True,100,1.0,10.0,10.0,10.0,10.0,0.621389439323162,0.9696822696938223
1.0425466340904603,0.6733487904544697,Hard,True,100,1.0,0.44444444444444464,0.5714285714285716,0.6948328267477248,1.0757852077001069,0.6145797129719093,0.9931665836072513
0.9766112251356084,0.0,Easy,True,100,1.0,10.0,10.0,10.0,10.0,0.5485988222211838,0.9781940164049396
1.0045855746713832,0.11659127730564611,Easy,True,100,1.0,10.0,0.5624999999999997,10.0,10.0,0.6564110504453405,0.9877450007223498
1.024632431003841,0.4106093592272996,Medium,True,100,1.0,10.0,10.0,10.0,10.0,0.4311656545708254,0.9830836948278122
0.9880015628183069,0.0,Easy,True,100,1.0,10.0,10.0,10.0,10.0,0.5315632772592658,0.9478295156272323
1.0140472843188455,0.25536184941486373,Easy,True,100,1.0,10.0,10.0,0.4246031746031745,0.5756670043904049,0.5582368864681481,0.991671813350482
1.3303629881442272,1.0,Hard,True,100,1.0,10.0,10.0,10.0,10.0,0.42606538907007313,0.9992659853326582
1.0750599893895738,1.0,Hard,True,100,1.0,10.0,10.0,10.0,10.0,0.41901880980895223,0.9414708507211245
1.4233246682261056,1.0,Hard,True,100,1.0,10.0,2.523809523809524,10.0,10.0,0.5565117503569146,0.9535439608816298
1.0154063719127993,0.27529496615451,Easy,True,100,1.0,10.0,10.0,10.0,10.0,0.5634418115483751,0.9715272775873993
1.036516011476165,0.5849004041118366,Medium,True,100,1.0,10.0,10.0,10.0,10.0,0.4667107825580808,0.991180850774402
1.045243088421356,0.7128964540487674,Hard,True,100,1.0,10.0,10.0,10.0,10.0,0.4908473331584329,0.9805688163201601
1.1431370570945183,1.0,Hard,True,100,1.0,10.0,10.0,10.0,0.9277455708021607,0.5425284948106429,0.9611886362346235
1.0227769590635165,0.38339600008976826,Medium,True,100,1.0,0.26470588235294124,0.4313725490196082,0.5662931839402431,1.1125116713352008,0.5621997426086225,0.9736575137584154
1.0176457908579972,0.30813950057759837,Easy,True,100,1.0,10.0,10.0,10.0,10.0,0.675945048977967,0.981304594822519
0.9887578208401091,0.0,Easy,True,100,1.0,10.0,10.0,10.0,10.0,0.5592234006005338,0.9688272890861521
1.0041786069369436,0.11062246749828507,Easy,True,100,1.0,10.0,10.0,10.0,10.0,0.5763795232321602,0.9789035677229002
0.9828878893516955,0.0,Easy,True,100,1.0,10.0,10.0,10.0,10.0,0.5143289059199831,0.998066534284361
0.9781342522156429,0.0,Easy,True,100,1.0,10.0,10.0,10.0,10.0,0.6636271974449605,0.9702699518136306
1.0619576457425544,0.9580412289824521,Hard,True,100,1.0,10.0,10.0,10.0,10.0,0.5856087674008963,0.9470395748959713
0.9937584190958999,0.0,Easy,True,100,1.0,10.0,10.0,10.0,10.0,0.5613180200200837,0.9663502870277192
1.0565880826119722,0.8792883000329473,Hard,True,100,1.0,10.0,10.0,10.0,0.9092796092796095,0.4110198800631567,0.9502842649800339
1.0081797724299006,0.16930573355160652,Easy,True,100,1.0,10.0,10.0,10.0,10.0,0.5947896353747448,0.9844337112633985
1.0014984381444898,0.07131365645504617,Easy,True,100,1.0,10.0,10.0,10.0,10.0,0.5375324354913511,0.9726187511933804
1.0446217028720153,0.7037828761230771,Hard,True,100,1.0,10.0,0.6587301587301588,1.0396825396825402,1.4695467930762047,0.5799971971997926,0.9764336193223017
1.04238441753863,0.6709696344095466,Hard,True,100,1.0,10.0,10.0,10.0,10.0,0.6028704478073146,0.9559806125014537
1.0289140862912245,0.47340644093272033,Medium,True,100,1.0,10.0,10.0,10.0,2.988701154220567,0.629859835218086,0.9704103585404642
0.9700112018062746,0.0,Easy,True,100,1.0,10.0,10.0,10.0,10.0,0.602493671803796,0.9734440555304295
1.0193923685888613,0.3337557581014415,Medium,True,100,1.0,10.0,10.0,10.0,10.0,0.37622590482591134,1.0084201865576512
1.0632608082356145,0.9771541178208597,Hard,True,100,1.0,10.0,10.0,10.0,10.0,0.5826162882330991,0.9739616129693582
1.0599681925418794,0.9288628279187257,Hard,True,100,1.0,10.0,10.0,10.0,10.0,0.6293487734969081,0.9606833416671089
1.2332137761028377,1.0,Hard,True,100,1.0,10.0,10.0,10.0,10.0,0.33845430325702164,1.0074341167021441
1.0246781327665508,0.4112796460986938,Medium,True,100,1.0,10.0,10.0,10.0,10.0,0.49713440947615234,0.9860487565251835
1.012828404135993,0.23748509070959092,Easy,True,100,1.0,10.0,10.0,10.0,1.942049585791757,0.4592684360619092,0.9763889569960542
0.9802685477629934,0.0,Easy,True,100,1.0,10.0,10.0,10.0,10.0,0.45910225231186946,0.9741641104038425
1.018564058090375,0.32160730649578,Easy,True,100,1.0,10.0,10.0,10.0,10.0,0.5110843438636204,0.9376913104069267
1.039622476940862,0.6304615136613311,Medium,True,100,1.0,10.0,10.0,10.0,10.0,0.6085199402732362,0.9583502529739556
0.9937919582976698,0.0,Easy,True,100,1.0,10.0,0.14682539682539641,0.1785714285714282,0.36317122593717727,0.573557451795826,0.9772279767640736
1.5884458438787283,1.0,Hard,True,100,1.0,10.0,10.0,10.0,10.0,0.5471591802488174,0.9669553862267092
0.9887578208401091,0.0,Easy,True,100,1.0,10.0,10.0,10.0,10.0,0.5373630529772212,0.9752495245685754
1.0351024354063367,0.5641681297936781,Medium,True,100,1.0,10.0,10.0,10.0,10.0,0.47432291812410865,0.9906263697759392
1.28506064532722,1.0,Hard,True,100,1.0,0.33333333333333476,0.4102564102564114,0.5279034690799409,10.0,0.45444588658194246,0.9966930191662927
1.0197127752486206,0.33845501617837126,Medium,True,100,1.0,10.0,10.0,10.0,10.0,0.5672478149357565,0.9706286952156248
1.1183772068144908,1.0,Hard,True,100,1.0,0.14285714285714296,0.14285714285714296,0.1587301587301588,0.20039682539682546,0.5281400916063228,0.9790663961330743
1.4046046640483916,1.0,Hard,True,100,1.0,10.0,10.0,10.0,10.0,0.5564005806659765,0.969989210295528
1.000725024998842,0.05997035923950281,Easy,True,100,1.0,10.0,10.0,0.4318394024276376,10.0,0.45475436849696227,0.9981594092105455
1.0076793805497575,0.16196671448702352,Easy,True,100,1.0,10.0,10.0,10.0,10.0,0.5896362923268289,0.954492106521094
1.0485527105077606,0.7614371689415409,Hard,True,100,1.0,10.0,10.0,10.0,10.0,0.6183027737067317,0.9890007769092168
1.0350738150041494,0.5637483674321693,Medium,True,100,1.0,10.0,10.0,10.0,10.0,0.5817215990642098,0.9817533774282265
0.9972316471569564,0.008734582643658964,Easy,True,100,1.0,10.0,10.0,10.0,10.0,0.6607592347200406,0.9628036893295967
1.0748020319643525,1.0,Hard,True,100,1.0,10.0,0.541549953314659,0.5971055088702144,0.9729920336929043,0.4311108782048695,0.9635390256035627
0.9983299420222387,0.024842771594554287,Easy,True,100,1.0,10.0,10.0,10.0,10.0,0.5953227194466089,0.9832321512902309
1.0309656106367775,0.5034952111165248,Medium,True,100,1.0,10.0,10.0,10.0,10.0,0.4709893150327402,0.9592627385981769
0.984807773369688,0.0,Easy,True,100,1.0,10.0,10.0,10.0,10.0,0.48213551499063423,0.9772323351284953
1.0549409531864913,0.8551306053637577,Hard,True,100,1.0,10.0,10.0,10.0,10.0,0.5723145395308524,0.9836460777847051
1.114543426078702,1.0,Hard,True,100,1.0,10.0,10.0,10.0,10.0,0.566658586941553,0.9527072984211973
1.003408769722879,0.09933161683734186,Easy,True,100,1.0,10.0,10.0,0.4365079365079371,1.0409035409035412,0.46161132354137074,0.9873986761468372
1.0034614782816327,0.10010466918473161,Easy,True,100,1.0,10.0,10.0,10.0,10.0,0.4930883398072747,0.964695350564984
1.0009779710293727,0.06368020309197384,Easy,True,100,1.0,10.0,10.0,10.0,10.0,0.567443877708979,0.9698137049347698
1.0671480354760807,1.0,Hard,True,100,1.0,10.0,10.0,10.0,10.0,0.428667353856188,0.9768892887197298
1.098968395652641,1.0,Hard,True,100,1.0,10.0,10.0,10.0,2.0930974462889353,0.41266251449823316,0.9814618352242078
1.0308767285894842,0.5021916187412888,Medium,True,100,1.0,10.0,10.0,10.0,10.0,0.3884482021764377,0.9798679322692108
1.0515130262980061,0.8048547679952713,Hard,True,100,1.0,10.0,10.0,10.0,10.0,0.5280813493364636,0.9829976605010037
1.046276937889313,0.7280594518037983,Hard,True,100,1.0,10.0,10.0,10.0,10.0,0.6073234096466453,0.9595163011413754
1.0763647945279753,1.0,Hard,True,100,1.0,10.0,10.0,10.0,10.0,0.4781480297298667,1.0018658384518573
1.0210144990240366,0.35754680400247807,Medium,True,100,1.0,10.0,10.0,10.0,10.0,0.48794388361870683,0.9882641502106212
1.0797446256293175,1.0,Hard,True,100,1.0,10.0,10.0,10.0,10.0,0.4931123618048523,0.9976260754306384
1.0764117113843017,1.0,Hard,True,100,1.0,10.0,10.0,10.0,10.0,0.5201702626048785,0.9850021260004652
1.5098361461390062,1.0,Hard,True,100,1.0,10.0,10.0,10.0,10.0,0.4224964049888474,0.9914307998239321
0.9888427158830101,0.0,Easy,True,100,1.0,10.0,10.0,10.0,10.0,0.6110474042796192,0.9948166286627579
0.9881155400202829,0.0,Easy,True,100,1.0,10.0,10.0,10.0,10.0,0.5318159382609762,0.9931032372076476
1.0127432678934736,0.2362364363414227,Easy,True,100,1.0,10.0,10.0,10.0,10.0,0.42209351216793956,0.9822782663448321
1.0482282585195015,0.7566785798799166,Hard,True,100,1.0,10.0,10.0,10.0,10.0,0.5099591024049814,0.9840459214180143
1.0598069775444028,0.9264983612138729,Hard,True,100,1.0,10.0,10.0,10.0,10.0,0.46826540118175597,0.9946526948297786
1.0271456075834438,0.4474689717875405,Medium,True,100,1.0,10.0,10.0,10.0,10.0,0.6113513814835578,0.9779666015387061
1.0620636281237676,0.9595956241417255,Hard,True,100,1.0,10.0,10.0,10.0,10.0,0.5195376548696429,0.9825060400129434
0.9762813663027303,0.0,Easy,True,100,1.0,10.0,10.0,10.0,10.0,0.8071023269251997,0.9621087295128753
1.0599936263137053,0.929235853428775,Hard,True,100,1.0,0.44444444444444464,0.5620915032679742,0.9906629318394021,1.3326842084351496,0.7170095503093693,0.9780217811255201
1.1539517787544937,1.0,Hard,True,100,1.0,10.0,10.0,10.0,10.0,0.40710098325606625,0.974174448680927
0.98015538803445,0.0,Easy,True,100,1.0,10.0,10.0,10.0,10.0,0.373063508844313,0.9723363191555906
0.9678140251525589,0.0,Easy,True,100,1.0,10.0,10.0,10.0,10.0,0.5855553658008048,0.9476992415656269
0.9868414707640063,0.0,Easy,True,100,1.0,10.0,10.0,10.0,10.0,0.5224968863102208,0.9829045815198549
0.9998727313481179,0.047470157698468435,Easy,True,100,1.0,10.0,10.0,10.0,10.0,0.5554013594085858,0.9878426923573445
0.9782853122912305,0.0,Easy,True,100,1.0,10.0,10.0,10.0,10.0,0.48612869714475887,0.9870109116969857
1.0614476228411178,0.9505609561292122,Hard,True,100,1.0,10.0,10.0,1.192766726943942,1.3038778380550526,0.5919223941989578,0.9633511990065694
1.0585649957982908,0.9082827824359515,Hard,True,100,1.0,10.0,10.0,10.0,10.0,0.6187648878828742,0.9903658291381378
1.0503519361410112,0.7878255891935538,Hard,True,100,1.0,10.0,10.0,10.0,0.9896214896214902,0.5379701525157571,1.0029216649810602
0.986843600404965,0.0,Easy,True,100,1.0,0.125,0.20192307692307665,0.257478632478632,0.33119577891167634,0.553517576216264,0.9915810871650464
1.0417642016203206,0.6618732109277565,Medium,True,100,1.0,10.0,10.0,10.0,10.0,0.5218523337575143,0.9144601695414696
1.0086834705853691,0.17669324424566638,Easy,True,100,1.0,10.0,10.0,10.0,10.0,0.5236717000783125,0.9788817623522768
0.9904419212326083,0.0,Easy,True,100,1.0,10.0,10.0,10.0,10.0,0.5903668400368312,0.9831980531641703
1.0718357975824855,1.0,Hard,True,100,1.0,10.0,10.0,10.0,10.0,0.5269010424104754,0.9748232311189449
1.0754603470454493,1.0,Hard,True,100,1.0,10.0,10.0,10.0,10.0,0.5938516988485527,1.0030525784882234
1.064156806744275,0.9902953185434133,Hard,True,100,1.0,10.0,10.0,10.0,10.0,0.7192602163299486,0.9745270961885838
1.0388452340020864,0.6190620466199107,Medium,True,100,1.0,10.0,10.0,10.0,10.0,0.5519130896425815,0.9735792395416478
0.9970192661159285,0.005619686957074087,Easy,True,100,1.0,0.12658227848101267,0.5154711673699011,0.986059402664019,1.187039794820882,0.5823693090880732,0.9910557168101043
0.9963934268849716,0.0,Easy,True,100,1.0,10.0,10.0,10.0,10.0,0.5093131494950544,0.9675948843505079
1.016492948504171,0.29123128853632957,Easy,True,100,1.0,10.0,10.0,10.0,10.0,0.5364250544305276,0.960650493475614
1.0356251241320322,0.5718341665039948,Medium,True,100,1.0,10.0,10.0,0.5000000000000007,10.0,0.5515634487119356,0.9877520381283162
1.0238278338143894,0.39880869989004897,Medium,True,100,1.0,10.0,10.0,10.0,10.0,0.5039789305987662,0.9920623834804342
1.0720601350148935,1.0,Hard,True,100,1.0,10.0,10.0,10.0,10.0,0.6142723767069005,0.9626587216237532
1.0693218680663763,1.0,Hard,True,100,1.0,10.0,10.0,10.0,10.0,0.6066061456615944,0.991417181984883
1.346035867527614,1.0,Hard,True,100,1.0,10.0,10.0,10.0,10.0,0.544773862971908,0.9660374208285502
0.9994298568185862,0.04097471933419747,Easy,True,100,1.0,10.0,10.0,10.0,10.0,0.7793186463597579,0.9745722255646593
0.9797056494938866,0.0,Easy,True,100,1.0,10.0,10.0,10.0,10.0,0.510123666120053,0.9917105616886218
1.0636559031612796,0.9829487945669053,Hard,True,100,1.0,10.0,10.0,10.0,10.0,0.5331703539901702,0.9841320730628821
0.9962800958496828,0.0,Easy,True,100,1.0,10.0,10.0,10.0,10.0,0.45512702716691733,0.9811392957172627
0.9889606431446636,0.0,Easy,True,100,1.0,10.0,10.0,10.0,10.0,0.5772877434022976,0.9802388652679802
0.9951793506076939,0.0,Easy,True,100,1.0,10.0,10.0,10.0,10.0,0.4600423299388792,0.9896822101681778
0.9751932263123289,0.0,Easy,True,100,1.0,10.0,10.0,10.0,10.0,0.617650331182644,0.9676340388927827
0.9941066415868788,0.0,Easy,True,100,1.0,10.0,10.0,10.0,10.0,0.38689015211659217,0.9882440162421153
1.636051152010261,1.0,Hard,True,100,1.0,10.0,10.0,10.0,10.0,0.3881231472977636,0.9858684188253124
0.9751348110323692,0.0,Easy,True,100,1.0,10.0,10.0,10.0,10.0,0.4046118995959861,0.9603083520160516
1.002950813937932,0.0926149885908936,Easy,True,100,1.0,10.0,10.0,10.0,10.0,0.6936941093371237,0.949540180284246
0.9769743383402352,0.0,Easy,True,100,1.0,10.0,10.0,10.0,10.0,0.6951714335168819,0.9522780146134615
0.9961962497099404,0.0,Easy,True,100,1.0,10.0,10.0,10.0,10.0,0.44534807256300957,0.9722377495540787
1.0140472843188455,0.25536184941486373,Easy,True,100,1.0,10.0,10.0,0.4246031746031745,0.5756670043904049,0.6104406863021892,0.9815378766615716
1.0575564045435268,0.8934902353527207,Hard,True,100,1.0,10.0,10.0,10.0,1.072806373649192,0.5444265315888026,0.9690766385901745
0.9873306258605308,0.0,Easy,True,100,1.0,10.0,10.0,10.0,10.0,0.4968417991616579,0.9620531181115208
0.9845929376333086,0.0,Easy,True,100,1.0,10.0,10.0,10.0,10.0,0.5750980869303756,0.9861810583688871
1.0134115776233128,0.24603822978166207,Easy,True,100,1.0,10.0,10.0,10.0,10.0,0.5233711815339455,0.9748799035243574
1.0840515726286273,1.0,Hard,True,100,1.0,10.0,0.596926713948,10.0,1.4494010370105586,0.48026798286142186,0.9859360245578447
0.9967552580772061,0.0017476016849620165,Easy,True,100,1.0,10.0,10.0,10.0,10.0,0.6193985966158793,0.9933708172848542
1.3498486676260573,1.0,Hard,True,100,1.0,10.0,10.0,10.0,3.62429676511955,0.6200256652113617,0.9663041214637627
1.03633947276975,0.5823111915697672,Medium,True,100,1.0,10.0,10.0,10.0,10.0,0.5704084503581122,0.9882435906793109
1.0263687036193345,0.4360744763326654,Medium,True,100,1.0,10.0,10.0,10.0,10.0,0.5062100108715031,0.9727437169412558
0.9870942903415708,0.0,Easy,True,100,1.0,10.0,10.0,10.0,10.0,0.6226658213280466,0.9782700071468711
0.985022117440019,0.0,Easy,True,100,1.0,10.0,10.0,10.0,10.0,0.5579702436951879,0.9884502046466667
0.9840322384224887,0.0,Easy,True,100,1.0,10.0,10.0,10.0,10.0,0.3816560003378272,0.9752704777487807
1.611301096350558,1.0,Hard,True,100,1.0,10.0,10.0,10.0,10.0,0.663695213658255,0.9725314558241409
1.0111441012495803,0.21278218987439387,Easy,True,100,1.0,10.0,10.0,10.0,10.0,0.5087662992076885,0.9731908050574687
1.0294534405553364,0.48131690348009176,Medium,True,100,1.0,10.0,10.0,10.0,10.0,0.39678071700897577,0.97639556400166
1.0762903916934252,1.0,Hard,True,100,1.0,10.0,10.0,10.0,10.0,0.5227187508629711,0.9740531324209296
1.132071128587828,1.0,Hard,True,100,1.0,10.0,10.0,10.0,10.0,0.606202872047726,0.9591664064487325
1.0685797325152795,1.0,Hard,True,100,1.0,10.0,10.0,10.0,10.0,0.607200622864746,0.993889278671243
1.3539513605287863,1.0,Hard,True,100,1.0,10.0,10.0,10.0,10.0,0.4868298218024386,0.9693250854157792
1.0244806256075498,0.40838289884355167,Medium,True,100,1.0,10.0,0.48611111111111066,0.6448412698412694,1.0744258696386353,0.5777175418533484,0.9683746430000781
1.06156434963586,0.9522729346923243,Hard,True,100,1.0,10.0,10.0,10.0,10.0,0.6095055690146186,0.991061764471346
0.9826968573626808,0.0,Easy,True,100,1.0,0.253968253968254,0.42063492063492003,0.7063492063492061,1.3253344763983201,0.5292493396051532,0.9802140115104248
1.1828432204508261,1.0,Hard,True,100,1.0,10.0,10.0,10.0,1.1141042915056327,0.8914892522227097,0.8958507957277261
1.043963850459176,0.6941344553730673,Hard,True,100,1.0,10.0,10.0,10.0,10.0,0.6337706543844305,0.9067953166184182
1.061891059631178,0.9570646409117418,Hard,True,100,1.0,10.0,10.0,10.0,10.0,0.5288823844583925,0.972541525363528
1.2466388351490596,1.0,Hard,True,100,1.0,10.0,10.0,10.0,10.0,0.5608770799308116,0.987540010396347
1.0552896254969855,0.8602444228247382,Hard,True,100,1.0,10.0,10.0,10.0,10.0,0.45259023317086466,0.9795822491180501
1.290439082932748,1.0,Hard,True,100,1.0,10.0,10.0,10.0,10.0,0.5166265005851891,0.9787460352811019
1.1116371126509659,1.0,Hard,True,100,1.0,10.0,10.0,10.0,10.0,0.5138108717895425,0.9747510808419515
1.0465818850275357,0.7325319721421886,Hard,True,100,1.0,10.0,10.0,10.0,10.0,0.5892881694132195,0.9834741780692984
1.0294034555689862,0.4805837965246746,Medium,True,100,1.0,10.0,10.0,10.0,10.0,0.46465068338552895,0.9785095260230247
1.0052922010498277,0.1269550435231514,Easy,True,100,1.0,10.0,10.0,10.0,10.0,0.6188451718752319,0.9713223574650185
1.0885749838177587,1.0,Hard,True,100,1.0,10.0,10.0,10.0,10.0,0.4648846277950189,0.9899661453119517
1.27516432703302,1.0,Hard,True,100,1.0,10.0,10.0,10.0,10.0,0.5060238600983449,0.997297131413962
1.2916093065593475,1.0,Hard,True,100,1.0,10.0,10.0,10.0,10.0,0.4788208973698039,0.9855209206082176
1.0304537939345537,0.49598862940677046,Medium,True,100,1.0,10.0,10.0,10.0,10.0,0.5900700647651212,0.9804196633716298
1.0068008186260582,0.14908124818888743,Easy,True,100,1.0,10.0,10.0,10.0,10.0,0.6272285952953367,0.9870156751470169
1.0391586235462087,0.623658387868087,Medium,True,100,1.0,10.0,0.32539682539682546,0.5018674136321191,0.8564773427101305,0.750787529351428,0.9717738421265765
0.9860237649238293,0.0,Easy,True,100,1.0,10.0,10.0,10.0,10.0,0.6121294694451562,0.9731839483325209
1.028131897310095,0.4619344325480649,Medium,True,100,1.0,0.11111111111111067,0.17068557919622893,0.3611617696724196,0.9028284363390862,0.5996975452117893,0.9920514036196628
1.4788281590175993,1.0,Hard,True,100,1.0,10.0,10.0,10.0,10.0,0.5595732613028737,0.9797003683575497
1.1539526628076606,1.0,Hard,True,100,1.0,10.0,10.0,10.0,10.0,0.5485535435237325,0.9863008387480665
1.04910873345432,0.7695921034380371,Hard,True,100,1.0,10.0,10.0,10.0,10.0,0.5176376234306816,0.9677759938096276
1.0161978723122624,0.28690354085724773,Easy,True,100,1.0,10.0,10.0,10.0,10.0,0.34790403815186477,0.9848634518261902
1.1887865019192967,1.0,Hard,True,100,1.0,10.0,10.0,10.0,10.0,0.4991158505351988,0.9765148884547443
0.9914180118368854,0.0,Easy,True,100,1.0,0.4444444444444437,0.47619047619047544,0.7059777102330204,0.7059777102330204,0.6082167219452536,1.005670664546517
0.9943179528663159,0.0,Easy,True,100,1.0,10.0,10.0,10.0,10.0,0.5875462354004484,0.9546770635074548
